,bedrooms,bathrooms,guests,revenue,openness,hot_tub,pool,city_encoded,host_type Encoded,ID Encoded,Cluster
22944,4,2.5,10,9737.0,31,0.0,0.0,1,1,3884,4
25713,4,3.0,10,9000.0,30,0.0,0.0,1,1,3529,4
25797,4,2.5,10,8983.0,31,0.0,0.0,1,1,2654,4
26489,4,3.0,10,8809.0,30,0.0,0.0,1,1,3715,4
26943,4,2.0,10,8706.0,30,0.0,0.0,1,1,3022,4
27607,4,3.0,10,8550.0,31,0.0,0.0,1,1,3529,4
28278,4,3.0,11,8400.0,30,0.0,0.0,1,1,3966,4
28441,4,2.5,10,8365.0,31,0.0,0.0,1,1,3884,4
28667,4,2.0,10,8309.0,31,0.0,0.0,1,1,3374,4
28845,4,3.0,10,8269.0,31,0.0,0.0,1,1,2606,4
29041,4,2.5,12,8229.0,31,0.0,0.0,1,1,3246,4
29048,4,3.0,10,8228.0,31,0.0,0.0,1,1,2719,4
29139,4,3.0,10,8204.0,30,0.0,0.0,1,1,2981,4
29527,4,2.5,8,8118.0,31,0.0,0.0,1,1,2692,4
29617,4,3.0,10,8100.0,31,0.0,0.0,1,1,2719,4
29634,4,2.0,10,8098.0,31,0.0,0.0,1,1,3022,4
29679,4,3.0,10,8088.0,31,0.0,0.0,1,1,3715,4
29686,4,2.5,12,8086.0,31,0.0,0.0,1,1,2537,4
29800,4,3.0,10,8069.0,31,0.0,0.0,1,1,2606,4
29851,4,2.5,12,8058.0,31,0.0,0.0,1,1,2537,4
29857,4,2.5,10,8056.0,30,0.0,0.0,1,1,2654,4
30077,4,2.5,11,8013.0,30,0.0,0.0,1,1,5204,4
30143,4,3.0,11,8000.0,30,0.0,0.0,1,1,3966,4
30176,4,3.0,10,7990.0,31,0.0,0.0,1,1,2606,4
30296,4,2.5,12,7966.0,31,0.0,0.0,1,1,3963,4
30573,4,3.0,10,7900.0,31,0.0,0.0,1,1,3303,4
30584,4,2.5,12,7898.0,30,0.0,0.0,1,1,2537,4
31064,4,2.0,9,7799.0,30,0.0,0.0,1,1,4493,4
31286,4,2.0,9,7757.0,31,0.0,0.0,1,1,3201,4
31531,4,2.0,9,7710.0,30,0.0,0.0,1,1,2941,4
31599,4,3.0,10,7700.0,30,0.0,0.0,1,1,3715,4
31636,4,2.0,9,7691.0,31,0.0,0.0,1,1,4307,4
31656,4,3.0,10,7688.0,31,0.0,0.0,1,1,2606,4
31759,4,2.0,9,7668.0,30,0.0,0.0,1,1,2989,4
31823,4,2.0,10,7651.0,28,0.0,0.0,1,1,2979,4
32039,4,3.0,10,7612.0,31,0.0,0.0,1,1,2981,4
32215,4,3.0,10,7580.0,30,0.0,0.0,1,1,2995,4
32270,4,2.5,8,7569.0,30,0.0,0.0,1,1,2692,4
32387,4,2.0,10,7546.0,31,0.0,0.0,1,1,3022,4
32595,4,2.5,8,7503.0,31,0.0,0.0,1,1,2692,4
33006,4,2.5,12,7437.0,31,0.0,0.0,1,1,4318,4
33025,4,2.0,9,7433.0,31,0.0,0.0,1,1,2989,4
33160,4,2.0,10,7401.0,31,0.0,0.0,1,1,3072,4
33313,4,3.0,10,7371.0,31,0.0,0.0,1,1,3529,4
33340,4,3.0,10,7365.0,30,0.0,0.0,1,1,2606,4
33358,4,2.5,12,7361.0,31,0.0,0.0,1,1,3963,4
33431,4,3.0,10,7350.0,31,0.0,0.0,1,1,3529,4
33542,4,3.0,10,7324.0,31,0.0,0.0,1,1,3054,4
33569,4,2.0,10,7319.0,31,0.0,0.0,1,1,2597,4
33676,4,2.5,9,7298.0,31,0.0,0.0,1,1,3013,4
33680,4,2.0,10,7297.0,28,0.0,0.0,1,1,3072,4
33831,4,2.5,10,7265.0,28,0.0,0.0,1,1,3884,4
34117,4,2.5,9,7217.0,31,0.0,0.0,1,1,3013,4
34186,4,3.0,11,7203.0,30,0.0,0.0,1,1,4690,4
34317,4,2.5,12,7185.0,30,0.0,0.0,1,1,4318,4
34360,4,3.0,10,7176.0,31,0.0,0.0,1,1,3054,4
34362,4,3.0,10,7175.0,31,0.0,0.0,1,1,2083,4
34385,4,2.5,12,7171.0,31,0.0,0.0,1,1,3543,4
34410,4,3.0,10,7165.0,31,0.0,0.0,1,1,3054,4
34708,4,3.0,11,7112.0,30,0.0,0.0,1,1,4198,4
34723,4,2.5,9,7106.0,31,0.0,0.0,1,1,3013,4
34964,4,2.5,11,7065.0,28,0.0,0.0,1,1,4896,4
35009,4,2.5,10,7053.0,31,0.0,0.0,1,1,3008,4
35048,4,3.0,10,7049.0,30,0.0,0.0,1,1,2606,4
35087,4,2.5,12,7042.0,30,0.0,0.0,1,1,2537,4
35158,4,2.5,10,7030.0,30,0.0,0.0,1,1,3884,4
35204,4,2.0,9,7022.0,31,0.0,0.0,1,1,2941,4
35287,4,3.0,10,7008.0,28,0.0,0.0,1,1,3054,4
35358,4,3.0,11,7000.0,30,0.0,0.0,1,1,3966,4
35359,4,3.0,11,7000.0,31,0.0,0.0,1,1,3966,4
35456,4,3.0,11,6988.0,30,0.0,0.0,1,1,4690,4
35484,4,3.0,10,6984.0,30,0.0,0.0,1,1,4958,4
35627,4,3.0,11,6960.0,31,0.0,0.0,1,1,3954,4
35676,4,2.5,9,6950.0,29,0.0,0.0,1,1,1689,4
35805,4,2.5,12,6930.0,28,0.0,0.0,1,1,4318,4
35814,4,2.5,12,6928.0,30,0.0,0.0,1,1,4318,4
35885,4,3.0,11,6915.0,31,0.0,0.0,1,1,4150,4
35917,4,3.0,10,6909.0,30,0.0,0.0,1,1,3681,4
35936,4,3.0,10,6904.0,31,0.0,0.0,1,1,2719,4
36222,4,2.5,8,6855.0,31,0.0,0.0,1,1,2692,4
36462,4,3.0,10,6814.0,30,0.0,0.0,1,1,3715,4
36464,4,3.0,10,6813.0,31,0.0,0.0,1,1,2606,4
36502,4,2.5,9,6805.0,31,0.0,0.0,1,1,3013,4
36524,4,3.0,10,6802.0,30,0.0,0.0,1,1,2995,4
36742,4,2.0,9,6768.0,30,0.0,0.0,1,1,2697,4
36797,4,2.0,10,6756.0,28,0.0,0.0,1,1,3103,4
36855,4,3.0,10,6750.0,30,0.0,0.0,1,1,3529,4
36882,4,3.0,10,6747.0,31,0.0,0.0,1,1,2990,4
36897,4,2.5,10,6744.0,30,0.0,0.0,1,1,2654,4
36977,4,3.0,10,6730.0,30,0.0,0.0,1,1,2990,4
36990,4,2.0,10,6728.0,30,0.0,0.0,1,1,3022,4
37216,4,2.0,8,6688.0,30,0.0,0.0,1,1,2934,4
37217,4,2.0,8,6688.0,31,0.0,0.0,1,1,2934,4
37218,4,2.0,8,6688.0,30,0.0,0.0,1,1,2934,4
37219,4,2.0,8,6688.0,30,0.0,0.0,1,1,2934,4
37246,4,2.5,12,6684.0,30,0.0,0.0,1,1,3246,4
37351,4,3.0,10,6668.0,31,0.0,0.0,1,1,3054,4
37470,4,3.0,8,6647.0,30,0.0,0.0,1,1,3096,4
37474,4,3.0,10,6646.0,30,0.0,0.0,1,1,2719,4
37548,4,3.0,10,6635.0,30,0.0,0.0,1,1,3715,4
37618,4,2.0,10,6624.0,31,0.0,0.0,1,1,3103,4
37643,4,2.0,9,6620.0,31,0.0,0.0,1,1,3201,4
37729,4,3.0,10,6606.0,29,0.0,0.0,1,1,1922,4
37902,4,2.5,12,6579.0,30,0.0,0.0,1,1,4318,4
37913,4,2.0,9,6576.0,30,0.0,0.0,1,1,2204,4
38130,4,3.0,11,6538.0,30,0.0,0.0,1,1,4150,4
38142,4,2.0,9,6534.0,31,0.0,0.0,1,1,2697,4
38395,4,2.0,9,6498.0,31,0.0,0.0,1,1,2204,4
38471,4,3.0,11,6488.0,31,0.0,0.0,1,1,4150,4
38545,4,2.0,9,6473.0,31,0.0,0.0,1,1,2941,4
38695,4,3.0,10,6450.0,30,0.0,0.0,1,1,5105,4
38745,4,2.5,12,6441.0,28,0.0,0.0,1,1,3246,4
38765,4,2.5,12,6438.0,31,0.0,0.0,1,1,3246,4
38772,4,2.5,11,6437.0,31,0.0,0.0,1,1,4896,4
39077,4,2.5,12,6386.0,31,0.0,0.0,1,1,3963,4
39194,4,3.0,10,6366.0,31,0.0,0.0,1,1,3054,4
39321,4,3.0,10,6349.0,30,0.0,0.0,1,1,2606,4
39322,4,2.5,8,6349.0,31,0.0,0.0,1,1,2692,4
39401,4,2.0,9,6334.0,31,0.0,0.0,1,1,3201,4
39427,4,3.0,11,6329.0,31,0.0,0.0,1,1,4150,4
39474,4,2.0,10,6321.0,30,0.0,0.0,1,1,3103,4
39497,4,3.0,10,6318.0,30,0.0,0.0,1,1,3054,4
39502,4,2.0,10,6317.0,31,0.0,0.0,1,1,3072,4
39510,4,3.0,10,6315.0,31,0.0,0.0,1,1,2719,4
39569,4,2.5,11,6303.0,31,0.0,0.0,1,1,5204,4
39582,4,3.0,12,6301.0,30,0.0,0.0,1,1,3320,4
39653,4,2.5,12,6295.0,31,0.0,0.0,1,1,3543,4
39659,4,2.0,9,6293.0,31,0.0,0.0,1,1,2204,4
39682,4,2.0,9,6290.0,31,0.0,0.0,1,1,2204,4
39717,4,2.0,8,6285.0,30,0.0,0.0,1,1,3106,4
39761,4,2.0,12,6280.0,31,0.0,0.0,1,1,3629,4
39774,4,2.0,9,6278.0,30,0.0,0.0,1,1,2697,4
39818,4,3.0,12,6270.0,30,0.0,0.0,1,1,3515,4
39856,4,3.0,12,6264.0,30,0.0,0.0,1,1,3691,4
39916,4,3.0,8,6254.0,30,0.0,0.0,1,1,3096,4
39963,4,2.5,8,6248.0,31,0.0,0.0,1,1,2692,4
40064,4,3.0,10,6232.0,31,0.0,0.0,1,1,3715,4
40073,4,2.0,9,6231.0,30,0.0,0.0,1,1,3201,4
40086,4,2.5,12,6228.0,28,0.0,0.0,1,1,3246,4
40210,4,3.0,9,6201.0,29,0.0,0.0,1,1,1927,4
40298,4,3.0,12,6194.0,31,0.0,0.0,1,1,3806,4
40461,4,2.0,9,6170.0,30,0.0,0.0,1,1,4493,4
40589,4,3.0,10,6150.0,31,0.0,0.0,1,1,2083,4
40647,4,3.0,10,6143.0,30,0.0,0.0,1,1,2719,4
40799,4,3.0,10,6118.0,30,0.0,0.0,1,1,2606,4
40835,4,3.0,10,6112.0,30,0.0,0.0,1,1,2606,4
40836,4,2.0,8,6112.0,31,0.0,0.0,1,1,3106,4
40863,4,2.0,12,6106.0,31,0.0,0.0,1,1,2999,4
40875,4,2.5,8,6103.0,28,0.0,0.0,1,1,4430,4
40904,4,2.5,8,6100.0,30,0.0,0.0,1,1,3562,4
40941,4,3.0,8,6094.0,30,0.0,0.0,1,1,3396,4
40974,4,2.0,10,6088.0,31,0.0,0.0,1,1,3072,4
40976,4,2.0,8,6088.0,31,0.0,0.0,1,1,3408,4
40999,4,2.0,8,6084.0,31,0.0,0.0,1,1,4152,4
41106,4,3.0,11,6064.0,30,0.0,0.0,1,1,4150,4
41203,4,3.0,10,6050.0,30,0.0,0.0,1,1,5105,4
41217,4,2.0,8,6047.0,30,0.0,0.0,1,1,3048,4
41420,4,3.0,10,6011.0,31,0.0,0.0,1,1,3054,4
41658,4,2.0,9,5985.0,30,0.0,0.0,1,1,2697,4
41699,4,2.0,9,5980.0,31,0.0,0.0,1,1,2941,4
41719,4,2.0,8,5977.0,30,0.0,0.0,1,1,4152,4
41818,4,2.0,12,5964.0,30,0.0,0.0,1,1,2999,4
41832,4,2.0,8,5962.0,30,0.0,0.0,1,1,4357,4
41841,4,2.0,10,5960.0,31,0.0,0.0,1,1,2707,4
41851,4,2.5,12,5958.0,31,0.0,0.0,1,1,2537,4
41964,4,2.0,12,5942.0,31,0.0,0.0,1,1,3629,4
41997,4,3.0,12,5938.0,31,0.0,0.0,1,1,3601,4
42015,4,3.0,11,5934.0,28,0.0,0.0,1,1,3954,4
42149,4,2.0,9,5913.0,28,0.0,0.0,1,1,4307,4
42217,4,3.0,10,5903.0,31,0.0,0.0,1,1,1922,4
42242,4,2.5,12,5900.0,30,0.0,0.0,1,1,2537,4
42330,4,2.5,12,5888.0,31,0.0,0.0,1,1,3246,4
42422,4,2.0,9,5875.0,30,0.0,0.0,1,1,3201,4
42448,4,2.0,10,5871.0,31,0.0,0.0,1,1,2597,4
42529,4,2.0,9,5859.0,31,0.0,0.0,1,1,4493,4
42614,4,2.0,9,5848.0,31,0.0,0.0,1,1,2697,4
42622,4,2.0,10,5847.0,30,0.0,0.0,1,1,4664,4
42663,4,3.0,11,5840.0,30,0.0,0.0,1,1,4948,4
42686,4,3.0,12,5836.0,31,0.0,0.0,1,1,3320,4
42775,4,2.0,10,5822.0,31,0.0,0.0,1,1,3103,4
42776,4,2.0,9,5822.0,28,0.0,0.0,1,1,3201,4
42791,4,3.0,11,5820.0,30,0.0,0.0,1,1,5145,4
42838,4,2.0,9,5812.0,30,0.0,0.0,1,1,2941,4
42848,4,2.0,9,5811.0,31,0.0,0.0,1,1,2697,4
42954,4,3.0,11,5796.0,31,0.0,0.0,1,1,5145,4
42963,4,3.0,10,5794.0,31,0.0,0.0,1,1,2719,4
43014,4,2.5,8,5789.0,31,0.0,0.0,1,1,2917,4
43077,4,2.0,8,5778.0,31,0.0,0.0,1,1,3048,4
43087,4,2.0,9,5777.0,31,0.0,0.0,1,1,1819,4
43106,4,3.0,11,5775.0,31,0.0,0.0,1,1,4690,4
43226,4,3.0,9,5757.0,30,0.0,0.0,1,1,4183,4
43239,4,2.0,9,5755.0,31,0.0,0.0,1,1,2941,4
43317,4,3.0,10,5746.0,31,0.0,0.0,1,1,3529,4
43327,4,3.0,12,5745.0,31,0.0,0.0,1,1,3515,4
43376,4,3.0,12,5739.0,31,0.0,0.0,1,1,4082,4
43394,4,3.0,10,5736.0,30,0.0,0.0,1,1,2719,4
43395,4,3.0,10,5736.0,30,0.0,0.0,1,1,3303,4
43448,4,3.0,9,5729.0,29,0.0,0.0,1,1,4183,4
43503,4,3.0,9,5720.0,30,0.0,0.0,1,1,1927,4
43593,4,2.0,11,5704.0,31,0.0,0.0,1,1,3009,4
43801,4,2.0,12,5677.0,31,0.0,0.0,1,1,2999,4
43840,4,3.0,12,5673.0,31,0.0,0.0,1,1,3601,4
43942,4,3.0,10,5658.0,31,0.0,0.0,1,1,5252,4
43958,4,3.0,10,5655.0,31,0.0,0.0,1,1,1678,4
44013,4,3.0,11,5650.0,31,0.0,0.0,1,1,3966,4
44075,4,2.0,9,5640.0,29,0.0,0.0,1,1,1819,4
44115,4,3.0,10,5635.0,30,0.0,0.0,1,1,4734,4
44188,4,3.0,10,5625.0,30,0.0,0.0,1,1,5252,4
44210,4,2.5,8,5621.0,30,0.0,0.0,1,1,2692,4
44234,4,2.0,8,5617.0,31,0.0,0.0,1,1,4152,4
44245,4,2.5,11,5615.0,30,0.0,0.0,1,1,4896,4
44246,4,2.0,9,5615.0,30,0.0,0.0,1,1,5241,4
44376,4,3.0,11,5600.0,30,0.0,0.0,1,1,3966,4
44396,4,2.5,10,5598.0,30,0.0,0.0,1,1,2654,4
44449,4,3.0,12,5591.0,31,0.0,0.0,1,1,3515,4
44463,4,3.0,11,5590.0,30,0.0,0.0,1,1,4150,4
44473,4,3.0,8,5588.0,30,0.0,0.0,1,1,3118,4
44544,4,2.0,8,5578.0,30,0.0,0.0,1,1,3048,4
44629,4,2.5,10,5565.0,30,0.0,0.0,1,1,1440,4
44730,4,3.0,11,5550.0,31,0.0,0.0,1,1,4150,4
44873,4,3.0,12,5525.0,31,0.0,0.0,1,1,3601,4
44902,4,3.0,10,5520.0,31,0.0,0.0,1,1,2981,4
44903,4,2.0,10,5520.0,28,0.0,0.0,1,1,3022,4
44928,4,2.0,8,5517.0,31,0.0,0.0,1,1,3048,4
44988,4,3.0,11,5506.0,31,0.0,0.0,1,1,4948,4
45033,4,3.0,10,5500.0,31,0.0,0.0,1,1,1678,4
45117,4,3.0,11,5493.0,31,0.0,0.0,1,1,4150,4
45156,4,2.5,12,5489.0,30,0.0,0.0,1,1,3543,4
45259,4,3.0,10,5472.0,31,0.0,0.0,1,1,2606,4
45261,4,3.0,11,5472.0,31,0.0,0.0,1,1,3954,4
45330,4,2.0,10,5460.0,31,0.0,0.0,1,1,2597,4
45421,4,3.0,8,5448.0,30,0.0,0.0,1,1,3396,4
45452,4,3.0,11,5443.0,30,0.0,0.0,1,1,4198,4
45484,4,3.0,10,5438.0,30,0.0,0.0,1,1,3681,4
45587,4,2.5,8,5423.0,31,0.0,0.0,1,1,2917,4
45620,4,3.0,11,5418.0,31,0.0,0.0,1,1,3954,4
45621,4,3.0,11,5418.0,31,0.0,0.0,1,1,3954,4
45652,4,2.0,9,5414.0,30,0.0,0.0,1,1,2941,4
45687,4,2.0,8,5410.0,31,0.0,0.0,1,1,4525,4
45710,4,2.0,9,5405.0,31,0.0,0.0,1,1,2204,4
45711,4,2.5,10,5405.0,31,0.0,0.0,1,1,3884,4
45869,4,3.0,10,5388.0,31,0.0,0.0,1,1,3715,4
45903,4,2.0,10,5382.0,31,0.0,0.0,1,1,3022,4
45980,4,3.0,10,5372.0,31,0.0,0.0,1,1,4958,4
46058,4,3.0,11,5359.0,31,0.0,0.0,1,1,4948,4
46147,4,2.0,8,5347.0,31,0.0,0.0,1,1,4525,4
46260,4,3.0,12,5328.0,31,0.0,0.0,1,1,3320,4
46286,4,2.5,8,5325.0,31,0.0,0.0,1,1,4430,4
46297,4,3.0,10,5324.0,31,0.0,0.0,1,1,2990,4
46319,4,2.5,12,5321.0,30,0.0,0.0,1,1,3543,4
46433,4,3.0,10,5304.0,30,0.0,0.0,1,1,2606,4
46472,4,2.0,10,5300.0,31,0.0,0.0,1,1,3022,4
46496,4,2.5,8,5297.0,30,0.0,0.0,1,1,2692,4
46599,4,3.0,10,5282.0,30,0.0,0.0,1,1,3054,4
46633,4,2.5,10,5278.0,29,0.0,0.0,1,1,3884,4
46674,4,2.0,9,5273.0,30,0.0,0.0,1,1,2989,4
46693,4,2.0,9,5270.0,30,0.0,0.0,1,1,2941,4
46704,4,2.0,11,5268.0,31,0.0,0.0,1,1,3009,4
46769,4,2.5,12,5258.0,30,0.0,0.0,1,1,1650,4
46792,4,3.0,10,5254.0,31,0.0,0.0,1,1,4958,4
46836,4,2.0,10,5250.0,31,0.0,0.0,1,1,1721,4
47002,4,2.0,9,5232.0,31,0.0,0.0,1,1,4110,4
47025,4,2.5,12,5226.0,30,0.0,0.0,1,1,1650,4
47103,4,3.0,9,5215.0,31,0.0,0.0,1,1,1927,4
47229,4,2.0,8,5200.0,30,0.0,0.0,1,1,4525,4
47232,4,2.0,9,5200.0,30,0.0,0.0,1,1,5241,4
47273,4,2.5,10,5193.0,31,0.0,0.0,1,1,3008,4
47283,4,2.5,10,5191.0,27,0.0,0.0,1,1,3008,4
47336,4,3.0,10,5185.0,31,0.0,0.0,1,1,1678,4
47510,4,3.0,11,5162.0,31,0.0,0.0,1,1,4690,4
47568,4,2.0,8,5153.0,31,0.0,0.0,1,1,3048,4
47574,4,2.0,9,5152.0,30,0.0,0.0,1,1,3201,4
47708,4,3.0,10,5135.0,31,0.0,0.0,1,1,3303,4
47793,4,2.0,8,5123.0,30,0.0,0.0,1,1,4525,4
47816,4,3.0,10,5120.0,31,0.0,0.0,1,1,2083,4
47871,4,2.0,7,5110.0,30,0.0,0.0,1,1,2897,4
48028,4,3.0,10,5091.0,30,0.0,0.0,1,1,2990,4
48169,4,3.0,10,5075.0,30,0.0,0.0,1,1,5252,4
48176,4,3.0,10,5074.0,31,0.0,0.0,1,1,3715,4
48192,4,3.0,10,5072.0,31,0.0,0.0,1,1,2990,4
48225,4,2.0,8,5069.0,31,0.0,0.0,1,1,2934,4
48240,4,2.0,9,5066.0,31,0.0,0.0,1,1,3201,4
48471,4,2.0,9,5032.0,31,0.0,0.0,1,1,2697,4
48510,4,2.0,10,5027.0,31,0.0,0.0,1,1,2597,4
48524,4,2.0,8,5025.0,29,0.0,0.0,1,1,2053,4
48527,4,2.0,10,5025.0,30,0.0,0.0,1,1,2597,4
48536,4,2.0,8,5024.0,31,0.0,0.0,1,1,2053,4
48558,4,3.0,12,5022.0,31,0.0,0.0,1,1,3320,4
48624,4,2.0,8,5011.0,30,0.0,0.0,1,1,2934,4
48650,4,2.5,12,5004.0,30,0.0,0.0,1,1,3963,4
48753,4,2.0,9,4995.0,31,0.0,0.0,1,1,2941,4
48826,4,3.0,12,4986.0,30,0.0,0.0,1,1,3320,4
48859,4,2.0,7,4981.0,30,0.0,0.0,1,1,3267,4
48962,4,3.0,9,4967.0,31,0.0,0.0,1,1,1927,4
48979,4,2.0,9,4965.0,30,0.0,0.0,1,1,2941,4
49041,4,3.0,10,4956.0,31,0.0,0.0,1,1,5385,4
49063,4,3.0,10,4951.0,30,0.0,0.0,1,1,5036,4
49117,4,2.0,9,4948.0,31,0.0,0.0,1,1,1900,4
49147,4,3.0,10,4944.0,30,0.0,0.0,1,1,3715,4
49237,4,3.0,8,4933.0,31,0.0,0.0,1,1,4628,4
49251,4,2.5,12,4931.0,30,0.0,0.0,1,1,3543,4
49420,4,3.0,12,4908.0,31,0.0,0.0,1,1,3515,4
49453,4,2.0,7,4903.0,31,0.0,0.0,1,1,3014,4
49463,4,2.0,10,4901.0,31,0.0,0.0,1,1,3072,4
49467,4,2.5,10,4901.0,31,0.0,0.0,1,1,3884,4
49513,4,2.0,10,4899.0,31,0.0,0.0,1,1,3374,4
49532,4,3.0,10,4896.0,30,0.0,0.0,1,1,4364,4
49541,4,3.0,12,4895.0,30,0.0,0.0,1,1,3515,4
49544,4,3.0,10,4895.0,30,0.0,0.0,1,1,5105,4
49566,4,2.0,9,4891.0,29,0.0,0.0,1,1,2204,4
49613,4,2.0,10,4886.0,30,0.0,0.0,1,1,3103,4
49652,4,2.0,9,4880.0,31,0.0,0.0,1,1,1900,4
49677,4,3.0,12,4877.0,31,0.0,0.0,1,1,4082,4
49681,4,2.0,9,4876.0,31,0.0,0.0,1,1,1900,4
49726,4,3.0,10,4873.0,30,0.0,0.0,1,1,3529,4
49745,4,2.5,12,4870.0,31,0.0,0.0,1,1,3246,4
49914,4,2.0,8,4849.0,28,0.0,0.0,1,1,3106,4
49917,4,2.0,9,4848.0,30,0.0,0.0,1,1,2941,4
49964,4,2.0,7,4840.0,31,0.0,0.0,1,1,2897,4
50076,4,3.0,9,4824.0,31,0.0,0.0,1,1,4183,4
50135,4,2.0,8,4815.0,31,0.0,0.0,1,1,4436,4
50216,4,3.0,10,4804.0,30,0.0,0.0,1,1,2990,4
50274,4,2.0,7,4800.0,30,0.0,0.0,1,1,2897,4
50275,4,2.0,7,4800.0,31,0.0,0.0,1,1,2897,4
50316,4,2.5,12,4798.0,31,0.0,0.0,1,1,1650,4
50367,4,2.0,8,4791.0,31,0.0,0.0,1,1,3106,4
50383,4,3.0,11,4790.0,30,0.0,0.0,1,1,4150,4
50390,4,2.0,10,4789.0,31,0.0,0.0,1,1,3374,4
50403,4,2.0,8,4787.0,31,0.0,0.0,1,1,3106,4
50435,4,2.0,8,4784.0,29,0.0,0.0,1,1,2934,4
50484,4,3.0,10,4780.0,30,0.0,0.0,1,1,2990,4
50541,4,3.0,11,4773.0,31,0.0,0.0,1,1,4198,4
50560,4,2.0,7,4770.0,30,0.0,0.0,1,1,2897,4
50594,4,3.0,10,4765.0,31,0.0,0.0,1,1,2083,4
50615,4,2.0,8,4762.0,30,0.0,0.0,1,1,2053,4
50654,4,2.0,9,4758.0,31,0.0,0.0,1,1,4493,4
50673,4,3.0,12,4755.0,30,0.0,0.0,1,1,3382,4
50701,4,3.0,9,4751.0,30,0.0,0.0,1,1,1927,4
50766,4,3.0,12,4747.0,31,0.0,0.0,1,1,4303,4
50788,4,3.0,10,4744.0,31,0.0,0.0,1,1,5036,4
50797,4,2.5,9,4743.0,31,0.0,0.0,1,1,3013,4
50830,4,2.5,12,4739.0,31,0.0,0.0,1,1,3963,4
50918,4,2.5,12,4728.0,31,0.0,0.0,1,1,3543,4
51098,4,3.0,10,4708.0,31,0.0,0.0,1,1,3715,4
51140,4,3.0,10,4701.0,31,0.0,0.0,1,1,2719,4
51170,4,2.0,12,4700.0,30,0.0,0.0,1,1,3629,4
51173,4,3.0,10,4700.0,31,0.0,0.0,1,1,5105,4
51188,4,3.0,12,4698.0,30,0.0,0.0,1,1,3515,4
51259,4,2.0,9,4688.0,31,0.0,0.0,1,1,3201,4
51369,4,3.0,10,4675.0,31,0.0,0.0,1,1,3529,4
51396,4,3.0,9,4672.0,30,0.0,0.0,1,1,1927,4
51446,4,3.0,8,4665.0,30,0.0,0.0,1,1,4529,4
51461,4,2.5,12,4662.0,30,0.0,0.0,1,1,2537,4
51483,4,3.0,10,4660.0,31,0.0,0.0,1,1,1678,4
51526,4,2.0,8,4654.0,31,0.0,0.0,1,1,3048,4
51613,4,3.0,12,4650.0,31,0.0,0.0,1,1,4105,4
51661,4,3.0,11,4644.0,31,0.0,0.0,1,1,3954,4
51792,4,2.0,10,4627.0,31,0.0,0.0,1,1,3103,4
52090,4,3.0,10,4592.0,31,0.0,0.0,1,1,2606,4
52160,4,2.0,12,4584.0,30,0.0,0.0,1,1,4656,4
52252,4,2.0,9,4573.0,30,0.0,0.0,1,1,2204,4
52272,4,2.5,12,4570.0,31,0.0,0.0,1,1,2537,4
52287,4,2.5,12,4568.0,31,0.0,0.0,1,1,2537,4
52291,4,3.0,12,4567.0,30,0.0,0.0,1,1,3382,4
52292,4,3.0,12,4567.0,30,0.0,0.0,1,1,3568,4
52302,4,3.0,10,4565.0,30,0.0,0.0,1,1,1678,4
52370,4,3.0,10,4553.0,30,0.0,0.0,1,1,4958,4
52466,4,3.0,10,4543.0,31,0.0,0.0,1,1,2719,4
52476,4,2.0,10,4542.0,31,0.0,0.0,1,1,3071,4
52541,4,2.0,12,4534.0,31,0.0,0.0,1,1,2999,4
52542,4,3.0,8,4534.0,31,0.0,0.0,1,1,3096,4
52583,4,2.0,8,4529.0,30,0.0,0.0,1,1,3408,4
52606,4,2.5,11,4526.0,30,0.0,0.0,1,1,4896,4
52647,4,3.0,10,4523.0,31,0.0,0.0,1,1,5266,4
52672,4,2.0,10,4518.0,31,0.0,0.0,1,1,3071,4
52708,4,3.0,10,4514.0,31,0.0,0.0,1,1,3681,4
52746,4,2.5,12,4508.0,30,0.0,0.0,1,1,4318,4
52767,4,3.0,10,4506.0,31,0.0,0.0,1,1,3054,4
52848,4,2.0,10,4500.0,29,0.0,0.0,1,1,1721,4
52977,4,2.5,12,4493.0,31,0.0,0.0,1,1,4738,4
52991,4,2.5,12,4491.0,31,0.0,0.0,1,1,4318,4
53072,4,2.0,8,4481.0,30,0.0,0.0,1,1,3106,4
53086,4,3.0,10,4480.0,31,0.0,0.0,1,1,5252,4
53147,4,3.0,8,4474.0,30,0.0,0.0,1,1,4628,4
53148,4,3.0,10,4473.0,30,0.0,0.0,1,1,2719,4
53190,4,3.0,8,4467.0,31,0.0,0.0,1,1,3096,4
53314,4,3.0,10,4450.0,31,0.0,0.0,1,1,2083,4
53412,4,2.0,9,4438.0,31,0.0,0.0,1,1,3201,4
53441,4,3.0,8,4432.0,30,0.0,0.0,1,1,4529,4
53453,4,3.0,10,4431.0,30,0.0,0.0,1,1,5385,4
53458,4,2.5,12,4430.0,31,0.0,0.0,1,1,2537,4
53480,4,3.0,10,4427.0,30,0.0,0.0,1,1,2719,4
53576,4,2.5,9,4417.0,30,0.0,0.0,1,1,3013,4
53635,4,2.0,8,4407.0,31,0.0,0.0,1,1,2053,4
53677,4,3.0,12,4401.0,30,0.0,0.0,1,1,3601,4
53955,4,2.0,8,4369.0,31,0.0,0.0,1,1,4357,4
53987,4,2.0,8,4364.0,31,0.0,0.0,1,1,3106,4
54034,4,2.0,8,4357.0,31,0.0,0.0,1,1,3048,4
54177,4,3.0,10,4340.0,30,0.0,0.0,1,1,2719,4
54265,4,2.0,7,4327.0,31,0.0,0.0,1,1,3440,4
54295,4,2.0,9,4324.0,31,0.0,0.0,1,1,1819,4
54501,4,2.5,8,4297.0,31,0.0,0.0,1,1,2917,4
54524,4,2.0,10,4294.0,30,0.0,0.0,1,1,3071,4
54601,4,2.5,10,4283.0,30,0.0,0.0,1,1,3008,4
54604,4,2.5,12,4282.0,31,0.0,0.0,1,1,2537,4
54777,4,3.0,10,4263.0,31,0.0,0.0,1,1,4364,4
54882,4,2.0,8,4250.0,31,0.0,0.0,1,1,1994,4
54896,4,2.0,10,4250.0,30,0.0,0.0,1,1,3374,4
54962,4,3.0,12,4242.0,31,0.0,0.0,1,1,4105,4
54982,4,2.5,12,4239.0,31,0.0,0.0,1,1,1650,4
55064,4,3.0,9,4229.0,31,0.0,0.0,1,1,1927,4
55102,4,2.0,9,4225.0,31,0.0,0.0,1,1,1819,4
55141,4,3.0,8,4221.0,31,0.0,0.0,1,1,4529,4
55159,4,3.0,12,4218.0,30,0.0,0.0,1,1,3382,4
55182,4,3.0,10,4215.0,30,0.0,0.0,1,1,4364,4
55308,4,2.5,8,4200.0,28,0.0,0.0,1,1,3562,4
55347,4,3.0,8,4198.0,31,0.0,0.0,1,1,3118,4
55455,4,3.0,10,4188.0,30,0.0,0.0,1,1,2606,4
55475,4,2.0,10,4186.0,30,0.0,0.0,1,1,3072,4
55495,4,3.0,12,4184.0,31,0.0,0.0,1,1,3806,4
55582,4,2.0,10,4175.0,28,0.0,0.0,1,1,3022,4
55592,4,3.0,12,4174.0,31,0.0,0.0,1,1,3382,4
55622,4,2.0,10,4170.0,31,0.0,0.0,1,1,2597,4
55661,4,3.0,12,4166.0,30,0.0,0.0,1,1,4105,4
55704,4,3.0,10,4159.0,31,0.0,0.0,1,1,2990,4
55779,4,2.0,8,4150.0,29,0.0,0.0,1,1,1994,4
55949,4,2.0,10,4128.0,30,0.0,0.0,1,1,3374,4
56002,4,3.0,9,4123.0,31,0.0,0.0,1,1,4183,4
56025,4,2.5,11,4120.0,31,0.0,0.0,1,1,5204,4
56057,4,2.0,11,4116.0,31,0.0,0.0,1,1,3009,4
56068,4,2.0,10,4115.0,30,0.0,0.0,1,1,3374,4
56123,4,2.0,10,4108.0,31,0.0,0.0,1,1,3071,4
56179,4,2.0,9,4101.0,30,0.0,0.0,1,1,4307,4
56209,4,2.0,10,4100.0,30,0.0,0.0,1,1,2597,4
56229,4,2.0,9,4099.0,31,0.0,0.0,1,1,2941,4
56231,4,2.0,10,4099.0,30,0.0,0.0,1,1,3103,4
56242,4,2.0,10,4097.0,31,0.0,0.0,1,1,3103,4
56245,4,3.0,12,4097.0,30,0.0,0.0,1,1,3515,4
56246,4,3.0,10,4097.0,30,0.0,0.0,1,1,3529,4
56338,4,3.0,10,4089.0,31,0.0,0.0,1,1,3801,4
56439,4,2.0,8,4078.0,30,0.0,0.0,1,1,2053,4
56584,4,2.0,9,4060.0,31,0.0,0.0,1,1,2697,4
56588,4,2.0,7,4060.0,30,0.0,0.0,1,1,3440,4
56656,4,2.0,7,4050.0,30,0.0,0.0,1,1,2897,4
56697,4,3.0,10,4047.0,31,0.0,0.0,1,1,3715,4
56723,4,3.0,10,4044.0,31,0.0,0.0,1,1,2606,4
56746,4,2.0,8,4041.0,30,0.0,0.0,1,1,4436,4
56777,4,3.0,10,4038.0,31,0.0,0.0,1,1,5036,4
56786,4,2.0,9,4036.0,31,0.0,0.0,1,1,2941,4
56805,4,3.0,10,4033.0,30,0.0,0.0,1,1,3054,4
56840,4,3.0,12,4029.0,30,0.0,0.0,1,1,3320,4
56891,4,3.0,10,4023.0,31,0.0,0.0,1,1,2606,4
57066,4,2.0,7,4000.0,31,0.0,0.0,1,1,2897,4
57152,4,2.5,10,3992.0,31,0.0,0.0,1,1,2654,4
57208,4,2.0,8,3987.0,28,0.0,0.0,1,1,3048,4
57376,4,2.5,10,3967.0,30,0.0,0.0,1,1,3884,4
57381,4,2.0,10,3966.0,31,0.0,0.0,1,1,3071,4
57392,4,3.0,11,3964.0,30,0.0,0.0,1,1,4198,4
57396,4,2.0,7,3963.0,30,0.0,0.0,1,1,2897,4
57460,4,2.5,12,3955.0,30,0.0,0.0,1,1,2537,4
57508,4,3.0,10,3950.0,30,0.0,0.0,1,1,3303,4
57529,4,2.0,8,3947.0,30,0.0,0.0,1,1,4525,4
57596,4,2.5,8,3937.0,31,0.0,0.0,1,1,2917,4
57597,4,2.5,8,3937.0,31,0.0,0.0,1,1,2917,4
57598,4,2.5,8,3937.0,31,0.0,0.0,1,1,2917,4
57599,4,2.5,8,3937.0,31,0.0,0.0,1,1,2917,4
57600,4,2.5,8,3937.0,31,0.0,0.0,1,1,2917,4
57601,4,2.5,8,3937.0,31,0.0,0.0,1,1,2917,4
57603,4,2.5,11,3937.0,31,0.0,0.0,1,1,5101,4
57620,4,3.0,10,3934.0,30,0.0,0.0,1,1,4958,4
57690,4,3.0,10,3925.0,31,0.0,0.0,1,1,1678,4
57727,4,2.0,9,3920.0,30,0.0,0.0,1,1,2941,4
57747,4,3.0,10,3918.0,30,0.0,0.0,1,1,5448,4
57772,4,2.0,10,3915.0,30,0.0,0.0,1,1,3103,4
57823,4,2.0,10,3909.0,31,0.0,0.0,1,1,3374,4
58008,4,2.0,12,3892.0,30,0.0,0.0,1,1,3629,4
58041,4,2.0,9,3888.0,28,0.0,0.0,1,1,3201,4
58140,4,2.0,10,3876.0,31,0.0,0.0,1,1,3103,4
58183,4,2.5,10,3874.0,30,0.0,0.0,1,1,3884,4
58226,4,3.0,11,3870.0,30,0.0,0.0,1,1,3954,4
58232,4,2.0,9,3869.0,31,0.0,0.0,1,1,4110,4
58250,4,2.0,12,3866.0,30,0.0,0.0,1,1,3629,4
58252,4,2.0,9,3865.0,30,0.0,0.0,1,1,1506,4
58284,4,3.0,10,3862.0,31,0.0,0.0,1,1,3801,4
58324,4,3.0,12,3857.0,30,0.0,0.0,1,1,3320,4
58423,4,3.0,9,3847.0,30,0.0,0.0,1,1,4183,4
58516,4,2.0,8,3836.0,29,0.0,0.0,1,1,2457,4
58559,4,2.0,10,3830.0,30,0.0,0.0,1,1,3374,4
58594,4,3.0,10,3825.0,31,0.0,0.0,1,1,3715,4
58608,4,2.0,8,3824.0,31,0.0,0.0,1,1,4525,4
58618,4,2.0,8,3822.0,31,0.0,0.0,1,1,2934,4
58622,4,2.0,9,3822.0,31,0.0,0.0,1,1,4110,4
58703,4,2.5,8,3810.0,30,0.0,0.0,1,1,2917,4
58704,4,2.5,8,3810.0,30,0.0,0.0,1,1,2917,4
58705,4,2.5,8,3810.0,30,0.0,0.0,1,1,2917,4
58719,4,2.0,9,3808.0,30,0.0,0.0,1,1,2697,4
58764,4,2.0,8,3802.0,31,0.0,0.0,1,1,3048,4
58887,4,2.5,12,3791.0,30,0.0,0.0,1,1,3543,4
59002,4,3.0,11,3778.0,28,0.0,0.0,1,1,3593,4
59089,4,3.0,8,3769.0,30,0.0,0.0,1,1,3096,4
59097,4,2.0,10,3768.0,30,0.0,0.0,1,1,3103,4
59114,4,2.5,12,3765.0,30,0.0,0.0,1,1,1650,4
59270,4,3.0,10,3750.0,31,0.0,0.0,1,1,5105,4
59289,4,3.0,11,3748.0,30,0.0,0.0,1,1,3954,4
59346,4,2.0,12,3741.0,31,0.0,0.0,1,1,2999,4
59373,4,3.0,8,3739.0,30,0.0,0.0,1,1,3790,4
59422,4,3.0,12,3733.0,31,0.0,0.0,1,1,3806,4
59441,4,3.0,10,3730.0,30,0.0,0.0,1,1,2083,4
59465,4,3.0,10,3728.0,31,0.0,0.0,1,1,3801,4
59513,4,3.0,12,3722.0,30,0.0,0.0,1,1,4105,4
59608,4,2.0,9,3710.0,30,0.0,0.0,1,1,1506,4
59625,4,2.0,10,3708.0,30,0.0,0.0,1,1,3374,4
59632,4,2.0,8,3707.0,31,0.0,0.0,1,1,4152,4
59885,4,2.0,9,3679.0,30,0.0,0.0,1,1,1900,4
59958,4,2.0,9,3670.0,31,0.0,0.0,1,1,1900,4
59976,4,3.0,8,3669.0,31,0.0,0.0,1,1,4529,4
59993,4,3.0,12,3666.0,31,0.0,0.0,1,1,3382,4
60011,4,3.0,10,3664.0,31,0.0,0.0,1,1,5237,4
60222,4,3.0,10,3642.0,31,0.0,0.0,1,1,2606,4
60288,4,2.0,8,3632.0,30,0.0,0.0,1,1,1783,4
60290,4,2.5,10,3632.0,30,0.0,0.0,1,1,3008,4
60415,4,2.5,10,3615.0,31,0.0,0.0,0,1,3930,4
60431,4,2.5,11,3613.0,31,0.0,0.0,1,1,5101,4
60439,4,3.0,11,3612.0,31,0.0,0.0,1,1,3954,4
60623,4,3.0,10,3599.0,30,0.0,0.0,1,1,3054,4
60730,4,2.0,8,3589.0,31,0.0,0.0,1,1,3757,4
60732,4,3.0,10,3589.0,31,0.0,0.0,1,1,5137,4
60802,4,3.0,9,3581.0,31,0.0,0.0,1,1,1927,4
60896,4,2.0,8,3568.0,30,0.0,0.0,1,1,2053,4
60920,4,2.0,7,3565.0,31,0.0,0.0,1,1,3789,4
60970,4,2.5,10,3558.0,31,0.0,0.0,1,1,3008,4
60983,4,3.0,12,3557.0,31,0.0,0.0,1,1,3382,4
60987,4,2.5,10,3557.0,30,0.0,0.0,1,1,5559,4
60989,4,2.5,8,3556.0,28,0.0,0.0,1,1,2917,4
61003,4,2.0,8,3555.0,31,0.0,0.0,1,1,4436,4
61007,4,2.0,8,3554.0,31,0.0,0.0,1,1,4436,4
61023,4,2.5,10,3551.0,30,0.0,0.0,0,1,3015,4
61148,4,3.0,8,3540.0,30,0.0,0.0,1,1,4529,4
61383,4,2.0,9,3512.0,31,0.0,0.0,1,1,1819,4
61446,4,2.0,12,3505.0,30,0.0,0.0,1,1,3629,4
61590,4,3.0,11,3495.0,30,0.0,0.0,1,1,4150,4
61596,4,3.0,12,3494.0,31,0.0,0.0,1,1,4303,4
61623,4,2.5,10,3491.0,30,0.0,0.0,1,1,5559,4
61636,4,3.0,12,3489.0,30,0.0,0.0,1,1,3601,4
61648,4,2.0,10,3487.0,30,0.0,0.0,1,1,3022,4
61694,4,2.0,9,3481.0,31,0.0,0.0,1,1,1506,4
61717,4,3.0,10,3480.0,31,0.0,0.0,1,1,5120,4
61730,4,3.0,12,3477.0,31,0.0,0.0,1,1,3601,4
61748,4,2.0,10,3475.0,30,0.0,0.0,1,1,2597,4
61788,4,3.0,10,3472.0,30,0.0,0.0,1,1,5266,4
61810,4,3.0,10,3469.0,30,0.0,0.0,1,1,4364,4
61875,4,2.0,9,3461.0,31,0.0,0.0,1,1,4222,4
61975,4,3.0,10,3450.0,30,0.0,0.0,1,1,1678,4
62005,4,3.0,10,3449.0,31,0.0,0.0,1,1,3681,4
62018,4,2.0,9,3448.0,30,0.0,0.0,1,1,4493,4
62070,4,2.0,10,3441.0,31,0.0,0.0,1,1,3072,4
62097,4,3.0,12,3439.0,31,0.0,0.0,1,1,3806,4
62154,4,2.5,10,3434.0,31,0.0,0.0,1,1,3884,4
62160,4,3.0,12,3433.0,31,0.0,0.0,1,1,3382,4
62215,4,2.0,8,3426.0,30,0.0,0.0,1,1,1783,4
62311,4,2.0,9,3414.0,31,0.0,0.0,1,1,2941,4
62353,4,3.0,12,3408.0,30,0.0,0.0,1,1,3601,4
62356,4,2.5,8,3407.0,30,0.0,0.0,1,1,2917,4
62469,4,3.0,8,3396.0,31,0.0,0.0,1,1,3396,4
62523,4,3.0,9,3391.0,31,0.0,0.0,1,1,1927,4
62568,4,2.0,9,3386.0,31,0.0,0.0,1,1,1819,4
62572,4,3.0,8,3386.0,31,0.0,0.0,1,1,4529,4
62581,4,2.0,8,3384.0,30,0.0,0.0,1,1,4357,4
62613,4,3.0,8,3379.0,30,0.0,0.0,1,1,4426,4
62625,4,2.5,8,3377.0,31,0.0,0.0,1,1,4430,4
62633,4,3.0,10,3376.0,31,0.0,0.0,1,1,5036,4
62681,4,2.0,10,3371.0,31,0.0,0.0,1,1,3103,4
62783,4,3.0,12,3357.0,30,0.0,0.0,1,1,3382,4
62816,4,3.0,11,3354.0,30,0.0,0.0,1,1,3954,4
62887,4,2.5,12,3347.0,31,0.0,0.0,1,1,3543,4
62918,4,3.0,11,3342.0,30,0.0,0.0,1,1,3954,4
63013,4,2.0,10,3331.0,31,0.0,0.0,1,1,4664,4
63052,4,2.0,8,3326.0,31,0.0,0.0,1,1,1783,4
63110,4,2.0,8,3321.0,30,0.0,0.0,1,1,3408,4
63173,4,2.5,10,3314.0,31,0.0,0.0,0,1,3015,4
63176,4,2.5,12,3314.0,28,0.0,0.0,1,1,3963,4
63235,4,2.5,12,3306.0,31,0.0,0.0,1,1,3543,4
63255,4,2.0,10,3304.0,31,0.0,0.0,1,1,3072,4
63478,4,2.0,8,3280.0,31,0.0,0.0,1,1,4421,4
63497,4,2.0,7,3277.0,31,0.0,0.0,1,1,2897,4
63560,4,2.5,8,3270.0,31,0.0,0.0,1,1,2917,4
63592,4,2.0,10,3267.0,31,0.0,0.0,1,1,3071,4
63665,4,3.0,10,3257.0,31,0.0,0.0,1,1,4734,4
63699,4,2.5,8,3252.0,30,0.0,0.0,1,1,2917,4
63753,4,3.0,10,3249.0,31,0.0,0.0,1,1,5266,4
63760,4,2.0,12,3248.0,31,0.0,0.0,1,1,3629,4
63761,4,2.5,12,3248.0,30,0.0,0.0,1,1,3963,4
63780,4,3.0,10,3246.0,31,0.0,0.0,1,1,3355,4
63813,4,2.0,9,3242.0,30,0.0,0.0,1,1,1900,4
63861,4,3.0,10,3235.0,30,0.0,0.0,1,1,3715,4
63941,4,3.0,10,3224.0,31,0.0,0.0,1,1,2606,4
63942,4,3.0,10,3224.0,31,0.0,0.0,1,1,5266,4
63960,4,3.0,10,3222.0,31,0.0,0.0,1,1,2606,4
64022,4,3.0,12,3214.0,31,0.0,0.0,1,1,3515,4
64149,4,2.0,7,3200.0,31,0.0,0.0,1,1,2897,4
64219,4,2.0,9,3195.0,30,0.0,0.0,1,1,1819,4
64231,4,3.0,10,3194.0,31,0.0,0.0,1,1,5448,4
64278,4,3.0,10,3190.0,28,0.0,0.0,1,1,5036,4
64297,4,3.0,10,3188.0,30,0.0,0.0,1,1,2606,4
64298,4,2.0,10,3188.0,31,0.0,0.0,1,1,3103,4
64333,4,3.0,10,3184.0,31,0.0,0.0,1,1,4364,4
64402,4,3.0,10,3175.0,30,0.0,0.0,1,1,2083,4
64445,4,2.0,10,3170.0,31,0.0,0.0,1,1,3072,4
64465,4,2.0,8,3168.0,30,0.0,0.0,1,1,4436,4
64493,4,3.0,10,3165.0,30,0.0,0.0,1,1,5252,4
64504,4,2.5,8,3164.0,28,0.0,0.0,1,1,2917,4
64506,4,3.0,8,3164.0,31,0.0,0.0,1,1,4417,4
64562,4,3.0,10,3157.0,30,0.0,0.0,1,1,4364,4
64699,4,2.0,8,3146.0,31,0.0,0.0,1,1,3408,4
64739,4,3.0,10,3142.0,30,0.0,0.0,1,1,3681,4
64743,4,2.0,11,3141.0,30,0.0,0.0,1,1,3009,4
64780,4,3.0,11,3136.0,31,0.0,0.0,1,1,4948,4
64821,4,2.0,7,3130.0,31,0.0,0.0,1,1,3014,4
64883,4,2.0,12,3122.0,31,0.0,0.0,1,1,3629,4
64901,4,2.0,12,3120.0,30,0.0,0.0,1,1,3629,4
64955,4,2.0,9,3114.0,31,0.0,0.0,1,1,4307,4
65183,4,3.0,10,3092.0,30,0.0,0.0,1,1,4734,4
65249,4,3.0,12,3084.0,30,0.0,0.0,1,1,3806,4
65251,4,2.0,8,3084.0,30,0.0,0.0,1,1,4525,4
65264,4,2.0,8,3082.0,30,0.0,0.0,1,1,2053,4
65273,4,3.0,10,3081.0,30,0.0,0.0,1,1,2990,4
65358,4,2.5,11,3070.0,31,0.0,0.0,1,1,4896,4
65372,4,2.0,12,3069.0,30,0.0,0.0,1,1,3629,4
65396,4,3.0,10,3067.0,30,0.0,0.0,1,1,3801,4
65457,4,2.0,10,3058.0,31,0.0,0.0,1,1,2597,4
65475,4,3.0,10,3056.0,30,0.0,0.0,1,1,5036,4
65482,4,2.0,10,3055.0,30,0.0,0.0,1,1,4664,4
65508,4,2.0,9,3051.0,31,0.0,0.0,1,1,2941,4
65526,4,3.0,10,3050.0,30,0.0,0.0,1,1,2083,4
65579,4,2.0,8,3045.0,30,0.0,0.0,1,1,4152,4
65616,4,3.0,10,3040.0,28,0.0,0.0,1,1,2083,4
65676,4,3.0,10,3033.0,28,0.0,0.0,1,1,3355,4
65733,4,2.0,10,3025.0,30,0.0,0.0,1,1,3103,4
65741,4,3.0,10,3025.0,31,0.0,0.0,1,1,5252,4
65746,4,2.0,8,3024.0,30,0.0,0.0,1,1,1783,4
65831,4,2.5,12,3014.0,30,0.0,0.0,1,1,3543,4
65876,4,2.5,10,3008.0,31,0.0,0.0,0,1,3930,4
65885,4,2.0,8,3006.0,31,0.0,0.0,1,1,4639,4
65923,4,2.0,8,3001.0,31,0.0,0.0,1,1,2053,4
65976,4,2.0,9,3000.0,30,0.0,0.0,1,1,3201,4
66068,4,2.0,9,2994.0,31,0.0,0.0,1,1,1819,4
66085,4,2.0,10,2993.0,31,0.0,0.0,1,1,3374,4
66102,4,3.0,10,2992.0,31,0.0,0.0,1,1,5264,4
66135,4,2.0,9,2990.0,31,0.0,0.0,1,1,2941,4
66173,4,2.5,11,2986.0,30,0.0,0.0,1,1,5101,4
66197,4,3.0,12,2983.0,31,0.0,0.0,1,1,3601,4
66238,4,2.5,7,2979.0,30,0.0,0.0,1,1,4030,4
66248,4,2.0,8,2978.0,31,0.0,0.0,1,1,4152,4
66251,4,3.0,8,2977.0,31,0.0,0.0,1,1,1791,4
66262,4,3.0,10,2976.0,31,0.0,0.0,1,1,5266,4
66350,4,3.0,12,2965.0,31,0.0,0.0,1,1,3601,4
66428,4,2.0,9,2953.0,30,0.0,0.0,1,1,2941,4
66462,4,3.0,10,2950.0,30,0.0,0.0,1,1,2083,4
66481,4,2.5,11,2950.0,31,0.0,0.0,1,1,4896,4
66503,4,2.0,7,2948.0,31,0.0,0.0,1,1,3014,4
66550,4,2.5,12,2942.0,31,0.0,0.0,1,1,3246,4
66591,4,2.0,8,2938.0,31,0.0,0.0,1,1,3048,4
66592,4,2.0,9,2938.0,30,0.0,0.0,1,1,4110,4
66967,4,3.0,10,2899.0,30,0.0,0.0,1,1,3681,4
67063,4,2.0,9,2886.0,31,0.0,0.0,1,1,3201,4
67152,4,2.0,8,2875.0,31,0.0,0.0,1,1,1783,4
67171,4,3.0,8,2874.0,30,0.0,0.0,1,1,3790,4
67265,4,3.0,12,2862.0,31,0.0,0.0,1,1,3601,4
67310,4,2.0,9,2856.0,30,0.0,0.0,1,1,1900,4
67521,4,2.0,9,2834.0,31,0.0,0.0,1,1,1819,4
67525,4,2.0,9,2833.0,30,0.0,0.0,1,1,1819,4
67575,4,2.5,10,2826.0,31,0.0,0.0,1,1,3884,4
67680,4,2.0,9,2814.0,31,0.0,0.0,1,1,1900,4
67714,4,3.0,10,2809.0,30,0.0,0.0,1,1,5385,4
67833,4,3.0,12,2800.0,31,0.0,0.0,1,1,3806,4
67887,4,3.0,10,2796.0,30,0.0,0.0,1,1,3801,4
67911,4,3.0,10,2794.0,28,0.0,0.0,1,1,3529,4
67992,4,3.0,12,2787.0,31,0.0,0.0,1,1,4303,4
68052,4,3.0,10,2780.0,30,0.0,0.0,1,1,2083,4
68055,4,2.0,10,2780.0,31,0.0,0.0,1,1,2597,4
68221,4,3.0,10,2763.0,27,0.0,0.0,1,1,3681,4
68245,4,2.0,10,2760.0,28,0.0,0.0,1,1,3071,4
68289,4,3.0,8,2755.0,31,0.0,0.0,1,1,4628,4
68400,4,3.0,10,2745.0,30,0.0,0.0,1,1,3715,4
68433,4,3.0,10,2741.0,31,0.0,0.0,1,1,2990,4
68467,4,2.0,10,2737.0,31,0.0,0.0,1,1,3374,4
68561,4,2.0,12,2725.0,31,0.0,0.0,1,1,2999,4
68574,4,2.5,12,2723.0,31,0.0,0.0,1,1,1650,4
68600,4,2.0,7,2720.0,31,0.0,0.0,1,1,2897,4
68621,4,2.0,9,2718.0,30,0.0,0.0,1,1,4222,4
68629,4,2.0,12,2717.0,30,0.0,0.0,1,1,2999,4
68658,4,3.0,10,2713.0,31,0.0,0.0,1,1,2719,4
68682,4,2.5,12,2710.0,30,0.0,0.0,1,1,2537,4
68688,4,2.5,12,2710.0,31,0.0,0.0,1,1,4318,4
68725,4,2.0,9,2704.0,31,0.0,0.0,1,1,2697,4
68748,4,2.5,10,2701.0,30,0.0,0.0,0,1,3930,4
68812,4,3.0,10,2699.0,28,0.0,0.0,1,1,2981,4
68819,4,2.0,10,2698.0,30,0.0,0.0,1,1,3022,4
68862,4,2.5,10,2694.0,31,0.0,0.0,1,1,3884,4
68871,4,3.0,8,2693.0,31,0.0,0.0,1,1,3790,4
68965,4,2.5,10,2684.0,30,0.0,0.0,1,1,3884,4
69008,4,2.0,12,2676.0,31,0.0,0.0,1,1,3629,4
69107,4,2.0,9,2665.0,31,0.0,0.0,1,1,4110,4
69130,4,3.0,9,2661.0,31,0.0,0.0,1,1,1927,4
69197,4,2.0,10,2653.0,28,0.0,0.0,1,1,3072,4
69305,4,2.0,10,2641.0,28,0.0,0.0,1,1,2597,4
69365,4,2.0,8,2637.0,31,0.0,0.0,1,1,2934,4
69380,4,2.0,8,2635.0,31,0.0,0.0,1,1,3048,4
69423,4,3.0,12,2629.0,30,0.0,0.0,1,1,3320,4
69459,4,3.0,10,2625.0,30,0.0,0.0,1,1,2606,4
69556,4,2.0,9,2612.0,30,0.0,0.0,1,1,3201,4
69580,4,2.5,8,2610.0,31,0.0,0.0,1,1,2917,4
69618,4,2.5,10,2604.0,31,0.0,0.0,0,1,3930,4
69770,4,2.5,10,2591.0,28,0.0,0.0,1,1,5082,4
69885,4,3.0,11,2580.0,31,0.0,0.0,1,1,3954,4
69907,4,3.0,8,2577.0,30,0.0,0.0,1,1,4417,4
69941,4,3.0,10,2574.0,31,0.0,0.0,1,1,4958,4
70033,4,2.0,10,2564.0,30,0.0,0.0,1,1,3072,4
70039,4,3.0,10,2563.0,31,0.0,0.0,1,1,3801,4
70040,4,3.0,10,2563.0,28,0.0,0.0,1,1,3801,4
70048,4,2.0,8,2562.0,31,0.0,0.0,1,1,3048,4
70069,4,2.0,7,2560.0,31,0.0,0.0,1,1,2897,4
70089,4,2.0,7,2557.0,31,0.0,0.0,1,1,2897,4
70194,4,3.0,12,2549.0,31,0.0,0.0,1,1,3320,4
70348,4,3.0,10,2530.0,30,0.0,0.0,1,1,3801,4
70388,4,3.0,8,2525.0,31,0.0,0.0,1,1,4426,4
70400,4,3.0,10,2524.0,31,0.0,0.0,1,1,3681,4
70500,4,2.0,9,2513.0,31,0.0,0.0,1,1,4110,4
70588,4,2.0,8,2502.0,31,0.0,0.0,1,1,2053,4
70590,4,2.0,10,2502.0,31,0.0,0.0,1,1,2597,4
70662,4,3.0,11,2499.0,31,0.0,0.0,1,1,3593,4
70729,4,2.0,9,2493.0,30,0.0,0.0,1,1,4307,4
70730,4,2.0,8,2493.0,31,0.0,0.0,1,1,4357,4
70814,4,2.0,8,2483.0,31,0.0,0.0,1,1,1783,4
70845,4,2.0,12,2480.0,31,0.0,0.0,1,1,2999,4
70862,4,3.0,10,2478.0,30,0.0,0.0,1,1,3681,4
70923,4,3.0,12,2472.0,31,0.0,0.0,1,1,3320,4
70987,4,3.0,10,2463.0,30,0.0,0.0,1,1,1922,4
71014,4,2.0,7,2460.0,31,0.0,0.0,1,1,2897,4
71040,4,2.0,9,2456.0,31,0.0,0.0,1,1,4493,4
71060,4,3.0,12,2454.0,30,0.0,0.0,1,1,3691,4
71082,4,2.0,10,2451.0,31,0.0,0.0,1,1,3072,4
71124,4,3.0,10,2450.0,31,0.0,0.0,1,1,5105,4
71132,4,2.5,13,2449.0,30,0.0,0.0,1,1,4168,4
71194,4,3.0,8,2442.0,31,0.0,0.0,1,1,4628,4
71211,4,3.0,10,2440.0,31,0.0,0.0,1,1,1678,4
71248,4,2.0,9,2435.0,31,0.0,0.0,1,1,1506,4
71250,4,2.0,9,2435.0,30,0.0,0.0,1,1,2941,4
71265,4,3.0,10,2433.0,31,0.0,0.0,1,1,3715,4
71323,4,2.5,8,2427.0,30,0.0,0.0,1,1,2917,4
71361,4,2.0,9,2423.0,30,0.0,0.0,1,1,2941,4
71442,4,3.0,12,2413.0,30,0.0,0.0,1,1,4105,4
71457,4,3.0,10,2412.0,30,0.0,0.0,1,1,3681,4
71482,4,3.0,10,2410.0,31,0.0,0.0,1,1,3681,4
71610,4,2.0,9,2400.0,29,0.0,0.0,1,1,2910,4
71686,4,2.0,10,2396.0,30,0.0,0.0,1,1,3022,4
71753,4,3.0,9,2392.0,30,0.0,0.0,1,1,4183,4
71800,4,3.0,10,2388.0,30,0.0,0.0,1,1,5137,4
71965,4,2.0,10,2371.0,30,0.0,0.0,1,1,3103,4
71978,4,3.0,10,2370.0,30,0.0,0.0,1,1,3801,4
72016,4,2.0,9,2364.0,30,0.0,0.0,1,1,3201,4
72047,4,2.0,11,2360.0,30,0.0,0.0,1,1,3009,4
72075,4,2.0,7,2357.0,31,0.0,0.0,1,1,3440,4
72100,4,2.0,8,2352.0,29,0.0,0.0,1,1,3048,4
72222,4,2.5,12,2340.0,30,0.0,0.0,1,1,3246,4
72278,4,3.0,10,2334.0,31,0.0,0.0,1,1,5237,4
72299,4,2.5,8,2331.0,31,0.0,0.0,1,1,2917,4
72315,4,2.0,8,2329.0,30,0.0,0.0,1,1,3048,4
72324,4,2.5,12,2328.0,30,0.0,0.0,1,1,4738,4
72456,4,3.0,10,2312.0,31,0.0,0.0,1,1,5036,4
72520,4,2.5,9,2304.0,30,0.0,0.0,1,1,3013,4
72578,4,3.0,11,2300.0,30,0.0,0.0,1,1,4948,4
72593,4,3.0,9,2299.0,31,0.0,0.0,1,1,4183,4
72684,4,3.0,10,2292.0,31,0.0,0.0,1,1,5036,4
72750,4,3.0,10,2283.0,31,0.0,0.0,1,1,3054,4
72774,4,2.0,8,2280.0,31,0.0,0.0,1,1,2053,4
72775,4,3.0,10,2280.0,30,0.0,0.0,1,1,2719,4
72822,4,3.0,10,2275.0,31,0.0,0.0,1,1,3681,4
72870,4,2.5,11,2270.0,31,0.0,0.0,1,1,4896,4
72887,4,2.0,9,2268.0,31,0.0,0.0,1,1,4307,4
72893,4,3.0,11,2267.0,31,0.0,0.0,1,1,4150,4
72965,4,3.0,10,2258.0,31,0.0,0.0,1,1,2995,4
72985,4,2.0,9,2255.0,31,0.0,0.0,1,1,2941,4
73040,4,3.0,10,2250.0,30,0.0,0.0,1,1,2083,4
73078,4,3.0,11,2249.0,31,0.0,0.0,1,1,4198,4
73241,4,2.0,8,2232.0,30,0.0,0.0,1,1,1783,4
73258,4,3.0,12,2230.0,30,0.0,0.0,1,1,3601,4
73294,4,3.0,10,2225.0,30,0.0,0.0,1,1,3529,4
73346,4,3.0,10,2220.0,29,0.0,0.0,1,1,1678,4
73402,4,2.0,8,2214.0,31,0.0,0.0,1,1,4436,4
73411,4,3.0,12,2212.0,30,0.0,0.0,1,1,3601,4
73431,4,2.5,10,2210.0,31,0.0,0.0,0,1,3019,4
73484,4,2.5,10,2204.0,31,0.0,0.0,0,1,3015,4
73495,4,3.0,11,2202.0,30,0.0,0.0,1,1,4690,4
73553,4,2.5,8,2200.0,31,0.0,0.0,1,1,3562,4
73559,4,3.0,11,2200.0,30,0.0,0.0,1,1,3966,4
73604,4,2.0,8,2196.0,30,0.0,0.0,1,1,3106,4
73605,4,2.0,9,2196.0,31,0.0,0.0,1,1,3201,4
73729,4,2.5,10,2182.0,31,0.0,0.0,1,1,1440,4
73768,4,2.0,9,2178.0,31,0.0,0.0,1,1,2697,4
73769,4,3.0,12,2178.0,31,0.0,0.0,1,1,3382,4
73771,4,2.5,7,2178.0,30,0.0,0.0,1,1,4030,4
73781,4,2.0,12,2177.0,31,0.0,0.0,1,1,3629,4
73802,4,2.0,8,2175.0,31,0.0,0.0,1,1,3048,4
73805,4,2.5,7,2175.0,31,0.0,0.0,1,1,4030,4
73846,4,3.0,10,2170.0,31,0.0,0.0,1,1,5264,4
73860,4,2.5,12,2169.0,31,0.0,0.0,1,1,3246,4
73874,4,3.0,10,2167.0,31,0.0,0.0,1,1,4958,4
73905,4,2.0,8,2162.0,30,0.0,0.0,1,1,3757,4
74092,4,2.0,8,2142.0,31,0.0,0.0,1,1,4152,4
74121,4,2.5,12,2138.0,30,0.0,0.0,1,1,3543,4
74156,4,2.0,10,2134.0,31,0.0,0.0,1,1,3103,4
74235,4,2.5,8,2125.0,30,0.0,0.0,1,1,2917,4
74270,4,2.5,12,2122.0,30,0.0,0.0,1,1,3543,4
74294,4,3.0,10,2118.0,31,0.0,0.0,1,1,5266,4
74308,4,3.0,9,2116.0,28,0.0,0.0,1,1,4183,4
74314,4,2.5,11,2115.0,30,0.0,0.0,1,1,4896,4
74331,4,2.0,9,2112.0,31,0.0,0.0,1,1,1819,4
74368,4,2.0,8,2108.0,31,0.0,0.0,1,1,2053,4
74375,4,3.0,12,2107.0,31,0.0,0.0,1,1,3601,4
74391,4,2.0,9,2106.0,31,0.0,0.0,1,1,4307,4
74414,4,2.5,11,2103.0,30,0.0,0.0,1,1,4896,4
74418,4,2.0,9,2102.0,31,0.0,0.0,1,1,3201,4
74561,4,3.0,8,2094.0,31,0.0,0.0,1,1,3790,4
74588,4,2.5,12,2092.0,31,0.0,0.0,1,1,3543,4
74625,4,2.0,7,2088.0,31,0.0,0.0,1,1,3014,4
74657,4,2.0,12,2085.0,31,0.0,0.0,1,1,2999,4
74673,4,2.5,9,2084.0,31,0.0,0.0,1,1,3013,4
74682,4,2.0,7,2083.0,31,0.0,0.0,1,1,3440,4
74692,4,3.0,10,2082.0,31,0.0,0.0,1,1,4958,4
74787,4,3.0,12,2072.0,30,0.0,0.0,1,1,3601,4
74802,4,2.0,12,2070.0,31,0.0,0.0,1,1,2999,4
74870,4,2.5,12,2064.0,31,0.0,0.0,1,1,2537,4
75170,4,2.5,7,2032.0,30,0.0,0.0,1,1,4030,4
75220,4,2.0,8,2028.0,31,0.0,0.0,1,1,4436,4
75276,4,2.0,10,2022.0,30,0.0,0.0,1,1,3022,4
75289,4,2.5,10,2020.0,31,0.0,0.0,1,1,1440,4
75301,4,2.0,9,2019.0,30,0.0,0.0,1,1,2697,4
75357,4,3.0,8,2011.0,31,0.0,0.0,1,1,4426,4
75460,4,2.0,10,2000.0,31,0.0,0.0,1,1,1721,4
75466,4,3.0,10,2000.0,31,0.0,0.0,1,1,2083,4
75499,4,3.0,12,2000.0,31,0.0,0.0,1,1,4232,4
75501,4,3.0,12,2000.0,30,0.0,0.0,1,1,4303,4
75540,4,3.0,10,1997.0,31,0.0,0.0,1,1,4364,4
75602,4,2.0,9,1992.0,30,0.0,0.0,1,1,1819,4
75638,4,3.0,12,1990.0,31,0.0,0.0,1,1,3515,4
75665,4,2.5,10,1987.0,31,0.0,0.0,1,1,3008,4
75701,4,2.0,10,1982.0,30,0.0,0.0,1,1,3072,4
75713,4,2.5,10,1980.0,31,0.0,0.0,1,1,2654,4
75714,4,2.0,9,1980.0,31,0.0,0.0,1,1,2941,4
75799,4,3.0,12,1970.0,30,0.0,0.0,1,1,3320,4
75857,4,2.0,10,1962.0,31,0.0,0.0,1,1,3022,4
75911,4,2.0,9,1956.0,30,0.0,0.0,1,1,2697,4
75914,4,2.5,11,1956.0,28,0.0,0.0,1,1,5204,4
75933,4,3.0,10,1953.0,31,0.0,0.0,1,1,2719,4
75935,4,3.0,10,1953.0,31,0.0,0.0,1,1,3801,4
75990,4,2.5,8,1950.0,31,0.0,0.0,1,1,3562,4
75991,4,2.5,8,1950.0,31,0.0,0.0,1,1,3562,4
76159,4,3.0,9,1932.0,31,0.0,0.0,1,1,1927,4
76284,4,2.5,8,1920.0,30,0.0,0.0,1,1,4430,4
76317,4,3.0,10,1915.0,30,0.0,0.0,1,1,1678,4
76350,4,2.0,7,1910.0,30,0.0,0.0,1,1,3014,4
76353,4,2.0,8,1910.0,30,0.0,0.0,1,1,4357,4
76407,4,2.0,10,1904.0,30,0.0,0.0,1,1,3374,4
76425,4,2.5,10,1902.0,30,0.0,0.0,1,1,3884,4
76490,4,2.0,8,1899.0,30,0.0,0.0,1,1,2053,4
76626,4,2.5,12,1888.0,31,0.0,0.0,1,1,3543,4
76636,4,3.0,10,1887.0,30,0.0,0.0,1,1,3054,4
76644,4,2.0,12,1886.0,30,0.0,0.0,1,1,3629,4
76678,4,2.5,10,1882.0,31,0.0,0.0,0,1,3015,4
76708,4,2.0,10,1880.0,30,0.0,0.0,1,1,3072,4
76738,4,2.0,8,1876.0,30,0.0,0.0,1,1,4436,4
76770,4,2.5,8,1874.0,30,0.0,0.0,1,1,2917,4
76824,4,2.5,8,1869.0,31,0.0,0.0,1,1,2917,4
76837,4,2.5,8,1867.0,31,0.0,0.0,1,1,2917,4
76854,4,2.0,9,1865.0,30,0.0,0.0,1,1,2941,4
76916,4,3.0,10,1857.0,30,0.0,0.0,1,1,5137,4
76935,4,2.0,8,1855.0,31,0.0,0.0,1,1,1783,4
76973,4,2.0,9,1850.0,30,0.0,0.0,1,1,1506,4
77050,4,2.0,10,1843.0,31,0.0,0.0,1,1,3103,4
77064,4,3.0,10,1842.0,30,0.0,0.0,1,1,5448,4
77079,4,2.0,7,1840.0,30,0.0,0.0,1,1,3440,4
77135,4,3.0,11,1834.0,30,0.0,0.0,1,1,4948,4
77192,4,2.5,12,1827.0,31,0.0,0.0,1,1,3543,4
77339,4,2.0,9,1809.0,30,0.0,0.0,1,1,1900,4
77352,4,2.5,11,1808.0,30,0.0,0.0,1,1,5101,4
77369,4,3.0,11,1806.0,30,0.0,0.0,1,1,3954,4
77466,4,3.0,10,1800.0,31,0.0,0.0,1,1,2719,4
77498,4,3.0,10,1800.0,31,0.0,0.0,1,1,5137,4
77552,4,2.0,8,1796.0,28,0.0,0.0,1,1,3106,4
77555,4,2.5,10,1796.0,30,0.0,0.0,0,1,3930,4
77564,4,2.0,10,1795.0,30,0.0,0.0,1,1,3022,4
77579,4,2.0,8,1794.0,30,0.0,0.0,1,1,3106,4
77586,4,3.0,12,1794.0,30,0.0,0.0,1,1,4105,4
77587,4,3.0,12,1794.0,31,0.0,0.0,1,1,4303,4
77659,4,3.0,10,1785.0,31,0.0,0.0,1,1,2083,4
77696,4,2.0,8,1781.0,31,0.0,0.0,1,1,2053,4
77697,4,2.0,9,1781.0,31,0.0,0.0,1,1,2697,4
77698,4,2.0,8,1781.0,30,0.0,0.0,1,1,4152,4
77705,4,3.0,10,1780.0,31,0.0,0.0,1,1,2990,4
77717,4,3.0,10,1779.0,30,0.0,0.0,1,1,2990,4
77722,4,3.0,8,1779.0,30,0.0,0.0,1,1,4628,4
77730,4,2.0,12,1778.0,30,0.0,0.0,1,1,2999,4
77766,4,2.0,8,1775.0,31,0.0,0.0,1,1,3048,4
77789,4,3.0,11,1772.0,31,0.0,0.0,1,1,4198,4
77820,4,2.5,8,1768.0,31,0.0,0.0,1,1,4430,4
77841,4,3.0,10,1765.0,31,0.0,0.0,1,1,5264,4
77853,4,2.0,9,1763.0,30,0.0,0.0,1,1,2697,4
77859,4,2.0,10,1762.0,30,0.0,0.0,1,1,3374,4
77895,4,3.0,12,1758.0,31,0.0,0.0,1,1,3601,4
78010,4,2.5,8,1748.0,30,0.0,0.0,1,1,4430,4
78041,4,3.0,12,1743.0,30,0.0,0.0,1,1,3601,4
78055,4,2.0,9,1741.0,28,0.0,0.0,1,1,4110,4
78089,4,2.0,10,1738.0,30,0.0,0.0,1,1,3374,4
78103,4,3.0,10,1736.0,30,0.0,0.0,1,1,5266,4
78111,4,3.0,8,1735.0,31,0.0,0.0,1,1,3790,4
78222,4,2.0,8,1723.0,31,0.0,0.0,1,1,4357,4
78234,4,3.0,9,1722.0,30,0.0,0.0,1,1,4183,4
78249,4,2.0,10,1721.0,30,0.0,0.0,1,1,3072,4
78273,4,3.0,8,1720.0,30,0.0,0.0,1,1,4628,4
78370,4,2.5,7,1709.0,31,0.0,0.0,1,1,4030,4
78532,4,3.0,11,1696.0,30,0.0,0.0,1,1,5145,4
78616,4,3.0,12,1689.0,29,0.0,0.0,1,1,3320,4
78623,4,3.0,12,1688.0,31,0.0,0.0,1,1,3601,4
78628,4,3.0,11,1687.0,31,0.0,0.0,1,1,4150,4
78643,4,2.5,12,1685.0,31,0.0,0.0,1,1,3246,4
78664,4,2.0,10,1681.0,30,0.0,0.0,1,1,3022,4
78767,4,2.0,9,1673.0,31,0.0,0.0,1,1,2697,4
78782,4,2.5,10,1672.0,30,0.0,0.0,1,1,5082,4
78806,4,2.0,10,1668.0,31,0.0,0.0,1,1,2597,4
78829,4,2.0,9,1665.0,30,0.0,0.0,1,1,2941,4
78842,4,2.0,10,1664.0,30,0.0,0.0,1,1,3071,4
78882,4,2.5,12,1658.0,31,0.0,0.0,1,1,2537,4
78891,4,2.0,10,1656.0,31,0.0,0.0,1,1,3022,4
78919,4,3.0,10,1652.0,30,0.0,0.0,1,1,2719,4
78923,4,2.5,12,1652.0,31,0.0,0.0,1,1,3963,4
79009,4,2.0,8,1646.0,30,0.0,0.0,1,1,2053,4
79083,4,2.0,7,1637.0,31,0.0,0.0,1,1,3789,4
79234,4,2.0,12,1617.0,31,0.0,0.0,1,1,3629,4
79408,4,2.0,8,1600.0,27,0.0,0.0,1,1,2934,4
79527,4,2.0,12,1595.0,31,0.0,0.0,1,1,4656,4
79534,4,2.0,9,1594.0,30,0.0,0.0,1,1,1819,4
79537,4,3.0,10,1594.0,31,0.0,0.0,1,1,3054,4
79538,4,3.0,12,1594.0,30,0.0,0.0,1,1,3056,4
79545,4,2.0,9,1593.0,30,0.0,0.0,1,1,1819,4
79547,4,2.0,8,1593.0,31,0.0,0.0,1,1,4152,4
79681,4,2.0,9,1580.0,31,0.0,0.0,1,1,4110,4
79683,4,3.0,10,1580.0,31,0.0,0.0,1,1,5229,4
79705,4,2.0,7,1576.0,30,0.0,0.0,1,1,2897,4
79724,4,2.0,12,1575.0,30,0.0,0.0,1,1,3629,4
79725,4,2.0,7,1575.0,30,0.0,0.0,1,1,3789,4
79729,4,3.0,10,1575.0,31,0.0,0.0,1,1,4734,4
79738,4,2.0,10,1574.0,31,0.0,0.0,1,1,3071,4
79739,4,3.0,10,1574.0,30,0.0,0.0,1,1,5264,4
79749,4,3.0,12,1572.0,30,0.0,0.0,1,1,3568,4
79810,4,3.0,10,1563.0,30,0.0,0.0,1,1,2990,4
79811,4,2.0,8,1563.0,30,0.0,0.0,1,1,3048,4
79840,4,2.0,9,1559.0,30,0.0,0.0,1,1,4307,4
79871,4,2.0,9,1554.0,30,0.0,0.0,1,1,1900,4
79950,4,3.0,11,1548.0,30,0.0,0.0,1,1,3954,4
79951,4,2.5,12,1548.0,31,0.0,0.0,1,1,3963,4
79952,4,2.5,12,1548.0,31,0.0,0.0,1,1,3963,4
80070,4,2.5,8,1534.0,27,0.0,0.0,1,1,3562,4
80089,4,2.0,8,1532.0,30,0.0,0.0,1,1,3048,4
80092,4,2.5,10,1532.0,31,0.0,0.0,1,1,3884,4
80141,4,3.0,10,1525.0,30,0.0,0.0,1,1,4364,4
80163,4,3.0,10,1524.0,30,0.0,0.0,1,1,5036,4
80175,4,3.0,10,1522.0,31,0.0,0.0,1,1,4364,4
80176,4,2.5,8,1522.0,31,0.0,0.0,1,1,4430,4
80193,4,3.0,10,1520.0,30,0.0,0.0,1,1,3054,4
80226,4,2.0,8,1516.0,30,0.0,0.0,1,1,4424,4
80407,4,3.0,10,1500.0,30,0.0,0.0,1,1,3529,4
80417,4,3.0,12,1500.0,30,0.0,0.0,1,1,4303,4
80477,4,2.0,8,1496.0,28,0.0,0.0,1,1,3048,4
80517,4,3.0,9,1494.0,31,0.0,0.0,1,1,4183,4
80550,4,2.0,9,1490.0,31,0.0,0.0,1,1,1819,4
80641,4,2.5,8,1478.0,31,0.0,0.0,1,1,2917,4
80657,4,2.5,12,1476.0,30,0.0,0.0,1,1,3963,4
80725,4,2.0,9,1470.0,31,0.0,0.0,1,1,2697,4
80747,4,2.0,8,1469.0,31,0.0,0.0,1,1,3408,4
80783,4,2.0,9,1465.0,30,0.0,0.0,1,1,1819,4
80784,4,2.0,7,1465.0,31,0.0,0.0,1,1,3267,4
80814,4,3.0,10,1463.0,30,0.0,0.0,1,1,5137,4
80815,4,3.0,10,1463.0,31,0.0,0.0,1,1,5237,4
80840,4,2.0,8,1458.0,31,0.0,0.0,1,1,3048,4
80842,4,3.0,10,1458.0,31,0.0,0.0,1,1,4364,4
80866,4,2.0,9,1453.0,31,0.0,0.0,1,1,1506,4
80877,4,2.5,7,1452.0,30,0.0,0.0,1,1,4030,4
80880,4,2.0,8,1451.0,31,0.0,0.0,1,1,1783,4
80948,4,2.5,12,1445.0,31,0.0,0.0,1,1,3246,4
80963,4,2.5,11,1444.0,31,0.0,0.0,1,1,4896,4
80989,4,3.0,12,1441.0,31,0.0,0.0,1,1,3806,4
80998,4,3.0,10,1440.0,29,0.0,0.0,1,1,2083,4
81003,4,2.5,7,1440.0,31,0.0,0.0,1,1,4030,4
81089,4,2.0,7,1429.0,31,0.0,0.0,1,1,3440,4
81099,4,3.0,9,1427.0,30,0.0,0.0,1,1,1927,4
81128,4,3.0,10,1425.0,31,0.0,0.0,1,1,3303,4
81194,4,2.0,12,1416.0,30,0.0,0.0,1,1,2999,4
81223,4,3.0,10,1413.0,31,0.0,0.0,1,1,5137,4
81226,4,2.5,7,1412.0,31,0.0,0.0,1,1,4030,4
81267,4,2.0,10,1407.0,31,0.0,0.0,1,1,3022,4
81353,4,3.0,11,1400.0,31,0.0,0.0,1,1,3966,4
81354,4,3.0,11,1400.0,31,0.0,0.0,1,1,3966,4
81422,4,2.0,8,1396.0,31,0.0,0.0,1,1,3106,4
81472,4,2.5,10,1393.0,31,0.0,0.0,1,1,5559,4
81509,4,2.0,8,1390.0,31,0.0,0.0,1,1,4424,4
81561,4,2.5,12,1382.0,30,0.0,0.0,1,1,3543,4
81593,4,2.0,10,1379.0,30,0.0,0.0,1,1,3022,4
81625,4,2.5,11,1377.0,30,0.0,0.0,1,1,5101,4
81680,4,2.0,9,1373.0,31,0.0,0.0,1,1,4307,4
81700,4,3.0,10,1370.0,31,0.0,0.0,1,1,2083,4
81747,4,2.5,11,1364.0,30,0.0,0.0,1,1,5204,4
81784,4,3.0,10,1360.0,30,0.0,0.0,1,1,5266,4
81926,4,2.0,12,1349.0,30,0.0,0.0,1,1,2999,4
81927,4,2.5,9,1349.0,30,0.0,0.0,1,1,3013,4
81929,4,2.5,10,1349.0,30,0.0,0.0,1,1,3884,4
81954,4,2.0,11,1346.0,31,0.0,0.0,1,1,3009,4
81964,4,3.0,10,1345.0,30,0.0,0.0,1,1,1678,4
82019,4,3.0,10,1338.0,31,0.0,0.0,1,1,2606,4
82040,4,2.5,12,1336.0,30,0.0,0.0,1,1,3246,4
82041,4,2.5,12,1336.0,31,0.0,0.0,1,1,3246,4
82083,4,2.0,9,1330.0,31,0.0,0.0,1,1,1900,4
82098,4,2.0,8,1329.0,30,0.0,0.0,1,1,3048,4
82120,4,3.0,11,1326.0,31,0.0,0.0,1,1,5145,4
82148,4,3.0,10,1324.0,31,0.0,0.0,1,1,5448,4
82192,4,3.0,8,1319.0,31,0.0,0.0,1,1,4628,4
82254,4,3.0,10,1312.0,31,0.0,0.0,1,1,5448,4
82268,4,2.0,7,1310.0,31,0.0,0.0,1,1,3440,4
82322,4,2.5,7,1304.0,31,0.0,0.0,1,1,4030,4
82405,4,2.5,11,1299.0,31,0.0,0.0,1,1,5101,4
82412,4,2.5,10,1298.0,30,0.0,0.0,0,1,3930,4
82440,4,2.0,9,1296.0,31,0.0,0.0,1,1,3201,4
82441,4,2.0,9,1296.0,31,0.0,0.0,1,1,3201,4
82449,4,2.5,11,1296.0,30,0.0,0.0,1,1,5101,4
82501,4,3.0,11,1290.0,31,0.0,0.0,1,1,3954,4
82502,4,3.0,11,1290.0,31,0.0,0.0,1,1,3954,4
82503,4,3.0,11,1290.0,31,0.0,0.0,1,1,3954,4
82506,4,3.0,10,1290.0,31,0.0,0.0,1,1,5237,4
82513,4,3.0,10,1289.0,31,0.0,0.0,1,1,3054,4
82523,4,2.5,12,1288.0,30,0.0,0.0,1,1,2537,4
82539,4,3.0,12,1287.0,31,0.0,0.0,1,1,4105,4
82545,4,2.0,10,1286.0,31,0.0,0.0,1,1,3072,4
82583,4,2.0,7,1280.0,30,0.0,0.0,1,1,2897,4
82608,4,3.0,10,1276.0,31,0.0,0.0,1,1,5036,4
82623,4,2.0,9,1275.0,31,0.0,0.0,1,1,1900,4
82652,4,2.0,8,1274.0,29,0.0,0.0,1,1,2934,4
82728,4,2.0,12,1264.0,31,0.0,0.0,1,1,3629,4
82735,4,2.5,10,1263.0,30,0.0,0.0,1,1,1440,4
82737,4,3.0,10,1263.0,30,0.0,0.0,1,1,5237,4
82812,4,2.5,12,1254.0,31,0.0,0.0,1,1,1650,4
82813,4,2.5,7,1254.0,31,0.0,0.0,1,1,4030,4
82833,4,2.0,10,1251.0,30,0.0,0.0,1,1,2597,4
82857,4,2.0,7,1250.0,30,0.0,0.0,1,1,2897,4
83045,4,2.0,7,1234.0,31,0.0,0.0,1,1,3789,4
83047,4,2.0,9,1234.0,30,0.0,0.0,1,1,4493,4
83059,4,3.0,10,1232.0,31,0.0,0.0,1,1,5448,4
83066,4,2.0,10,1231.0,30,0.0,0.0,1,1,3072,4
83069,4,2.0,8,1231.0,31,0.0,0.0,1,1,4639,4
83101,4,3.0,12,1226.0,31,0.0,0.0,1,1,3056,4
83102,4,2.0,10,1226.0,31,0.0,0.0,1,1,3072,4
83137,4,2.5,10,1224.0,30,0.0,0.0,1,1,1440,4
83138,4,2.0,10,1224.0,30,0.0,0.0,1,1,3072,4
83178,4,3.0,8,1218.0,31,0.0,0.0,1,1,3096,4
83191,4,2.0,7,1216.0,31,0.0,0.0,1,1,3440,4
83286,4,2.0,8,1205.0,31,0.0,0.0,1,1,3408,4
83311,4,3.0,8,1203.0,31,0.0,0.0,1,1,4628,4
83431,4,2.0,12,1198.0,29,0.0,0.0,1,1,4656,4
83487,4,2.5,10,1196.0,30,0.0,0.0,0,1,3930,4
83515,4,3.0,10,1194.0,30,0.0,0.0,1,1,2990,4
83524,4,3.0,11,1194.0,30,0.0,0.0,1,1,4198,4
83583,4,3.0,8,1185.0,31,0.0,0.0,1,1,3790,4
83589,4,3.0,10,1185.0,30,0.0,0.0,1,1,5229,4
83632,4,2.5,10,1179.0,31,0.0,0.0,1,1,3884,4
83672,4,2.5,8,1175.0,30,0.0,0.0,1,1,3562,4
83677,4,2.0,10,1174.0,30,0.0,0.0,1,1,3103,4
83725,4,2.0,8,1168.0,31,0.0,0.0,1,1,1783,4
83752,4,2.0,7,1165.0,31,0.0,0.0,1,1,3014,4
83812,4,3.0,12,1158.0,30,0.0,0.0,1,1,3806,4
83859,4,3.0,11,1152.0,31,0.0,0.0,1,1,4198,4
83917,4,2.5,13,1148.0,31,0.0,0.0,1,1,4168,4
83918,4,2.5,13,1148.0,31,0.0,0.0,1,1,4168,4
83981,4,2.5,12,1140.0,30,0.0,0.0,1,1,2537,4
84052,4,3.0,10,1134.0,31,0.0,0.0,1,1,3681,4
84123,4,2.0,9,1125.0,30,0.0,0.0,1,1,1900,4
84216,4,2.0,10,1114.0,31,0.0,0.0,1,1,3072,4
84228,4,2.0,10,1112.0,30,0.0,0.0,1,1,2597,4
84274,4,2.5,10,1106.0,31,0.0,0.0,1,1,1440,4
84288,4,2.0,10,1104.0,31,0.0,0.0,1,1,3022,4
84289,4,3.0,10,1104.0,30,0.0,0.0,1,1,3054,4
84358,4,3.0,10,1100.0,30,0.0,0.0,1,1,5105,4
84396,4,2.0,8,1097.0,31,0.0,0.0,1,1,3106,4
84430,4,2.0,9,1094.0,31,0.0,0.0,1,1,1819,4
84431,4,3.0,9,1094.0,30,0.0,0.0,1,1,1927,4
84454,4,2.0,10,1091.0,31,0.0,0.0,1,1,3072,4
84477,4,3.0,10,1089.0,31,0.0,0.0,1,1,2606,4
84499,4,3.0,10,1086.0,31,0.0,0.0,1,1,2990,4
84540,4,2.0,8,1082.0,30,0.0,0.0,1,1,4357,4
84582,4,2.0,8,1077.0,31,0.0,0.0,1,1,3048,4
84591,4,3.0,10,1076.0,28,0.0,0.0,1,1,5120,4
84636,4,2.0,9,1070.0,30,0.0,0.0,1,1,1506,4
84693,4,2.0,9,1063.0,30,0.0,0.0,1,1,3201,4
84781,4,2.0,8,1052.0,31,0.0,0.0,1,1,1783,4
84864,4,3.0,10,1050.0,30,0.0,0.0,1,1,5120,4
84882,4,2.0,8,1048.0,31,0.0,0.0,1,1,3106,4
84906,4,2.5,10,1047.0,31,0.0,0.0,0,1,3930,4
84927,4,2.5,7,1045.0,31,0.0,0.0,1,1,4030,4
85014,4,2.0,10,1035.0,30,0.0,0.0,1,1,3072,4
85028,4,2.0,8,1034.0,30,0.0,0.0,1,1,3408,4
85041,4,3.0,10,1033.0,30,0.0,0.0,1,1,4364,4
85120,4,2.5,8,1025.0,30,0.0,0.0,1,1,3562,4
85154,4,2.5,12,1020.0,30,0.0,0.0,1,1,1650,4
85189,4,3.0,10,1016.0,30,0.0,0.0,1,1,5264,4
85351,4,3.0,11,1000.0,31,0.0,0.0,1,1,3966,4
85408,4,2.0,8,998.0,31,0.0,0.0,1,1,3106,4
85415,4,2.0,12,998.0,30,0.0,0.0,1,1,4656,4
85495,4,3.0,8,992.0,30,0.0,0.0,1,1,4426,4
85537,4,3.0,10,987.0,31,0.0,0.0,1,1,3355,4
85552,4,3.0,10,986.0,30,0.0,0.0,1,1,4958,4
85575,4,2.0,7,982.0,30,0.0,0.0,1,1,3014,4
85578,4,2.5,10,982.0,30,0.0,0.0,1,1,3884,4
85621,4,3.0,8,978.0,30,0.0,0.0,1,1,4628,4
85682,4,2.0,8,972.0,30,0.0,0.0,1,1,3048,4
85744,4,2.0,10,962.0,30,0.0,0.0,1,1,3103,4
85824,4,2.0,9,951.0,30,0.0,0.0,1,1,4110,4
85845,4,2.5,8,950.0,30,0.0,0.0,1,1,3562,4
85921,4,3.0,10,942.0,31,0.0,0.0,1,1,3681,4
85991,4,3.0,10,932.0,31,0.0,0.0,1,1,3801,4
86003,4,2.5,12,930.0,31,0.0,0.0,1,1,1650,4
86051,4,2.0,9,927.0,30,0.0,0.0,1,1,2697,4
86056,4,3.0,10,927.0,30,0.0,0.0,1,1,5036,4
86095,4,3.0,10,923.0,30,0.0,0.0,1,1,4734,4
86109,4,2.0,10,921.0,31,0.0,0.0,1,1,3022,4
86123,4,2.0,12,920.0,30,0.0,0.0,1,1,2999,4
86144,4,2.5,11,918.0,31,0.0,0.0,1,1,5101,4
86145,4,2.5,11,918.0,31,0.0,0.0,1,1,5101,4
86167,4,2.0,7,916.0,31,0.0,0.0,1,1,3440,4
86253,4,2.0,8,905.0,30,0.0,0.0,1,1,3757,4
86367,4,2.5,8,900.0,30,0.0,0.0,1,1,3562,4
86442,4,2.0,8,899.0,31,0.0,0.0,1,1,4436,4
86517,4,2.5,12,894.0,30,0.0,0.0,1,1,3246,4
86549,4,2.5,12,890.0,30,0.0,0.0,1,1,1650,4
86600,4,3.0,10,885.0,30,0.0,0.0,1,1,2351,4
86637,4,3.0,10,880.0,30,0.0,0.0,1,1,3681,4
86738,4,3.0,10,869.0,31,0.0,0.0,1,1,3054,4
86740,4,2.0,10,869.0,31,0.0,0.0,1,1,3374,4
86978,4,3.0,10,846.0,31,0.0,0.0,1,1,4364,4
87051,4,3.0,8,838.0,31,0.0,0.0,1,1,4628,4
87099,4,3.0,10,832.0,30,0.0,0.0,1,1,3801,4
87333,4,3.0,8,802.0,30,0.0,0.0,1,1,4628,4
87389,4,2.5,8,800.0,31,0.0,0.0,1,1,3562,4
87474,4,2.5,10,798.0,30,0.0,0.0,0,1,3930,4
87511,4,2.0,9,796.0,29,0.0,0.0,1,1,1819,4
87512,4,2.0,9,796.0,31,0.0,0.0,1,1,1819,4
87577,4,2.5,10,790.0,31,0.0,0.0,1,1,5082,4
87578,4,3.0,10,790.0,31,0.0,0.0,1,1,5229,4
87579,4,3.0,10,790.0,30,0.0,0.0,1,1,5229,4
87717,4,3.0,11,774.0,31,0.0,0.0,1,1,3954,4
87725,4,2.0,8,772.0,30,0.0,0.0,1,1,2934,4
87763,4,2.5,12,766.0,30,0.0,0.0,1,1,3246,4
87829,4,2.0,8,759.0,30,0.0,0.0,1,1,2053,4
87856,4,2.0,7,756.0,30,0.0,0.0,1,1,3440,4
87861,4,2.0,9,756.0,31,0.0,0.0,1,1,4110,4
87877,4,2.0,7,754.0,31,0.0,0.0,1,1,3440,4
87880,4,2.0,8,754.0,31,0.0,0.0,1,1,4357,4
87946,4,2.0,8,750.0,31,0.0,0.0,1,1,3106,4
87967,4,3.0,12,750.0,31,0.0,0.0,1,1,4303,4
88053,4,2.5,12,741.0,30,0.0,0.0,1,1,1650,4
88077,4,3.0,10,738.0,31,0.0,0.0,1,1,4604,4
88078,4,2.5,10,738.0,30,0.0,0.0,1,1,5559,4
88109,4,2.0,10,735.0,31,0.0,0.0,1,1,3071,4
88120,4,3.0,10,734.0,30,0.0,0.0,1,1,2606,4
88177,4,2.0,8,726.0,30,0.0,0.0,1,1,2053,4
88211,4,2.0,9,722.0,31,0.0,0.0,1,1,2697,4
88232,4,2.0,8,720.0,31,0.0,0.0,1,1,2053,4
88236,4,2.5,7,720.0,31,0.0,0.0,1,1,4030,4
88285,4,3.0,11,714.0,28,0.0,0.0,1,1,3593,4
88292,4,2.5,8,713.0,31,0.0,0.0,1,1,4430,4
88336,4,3.0,10,706.0,30,0.0,0.0,1,1,5266,4
88358,4,3.0,11,702.0,29,0.0,0.0,1,1,4198,4
88390,4,2.0,8,700.0,31,0.0,0.0,1,1,1994,4
88410,4,2.5,8,700.0,31,0.0,0.0,1,1,3562,4
88432,4,3.0,10,700.0,31,0.0,0.0,1,1,5105,4
88456,4,3.0,10,699.0,31,0.0,0.0,1,1,3801,4
88483,4,2.0,7,698.0,30,0.0,0.0,1,1,3789,4
88486,4,3.0,12,698.0,30,0.0,0.0,1,1,4303,4
88506,4,2.5,12,696.0,31,0.0,0.0,1,1,3246,4
88539,4,2.0,10,692.0,31,0.0,0.0,1,1,4664,4
88601,4,2.5,12,687.0,31,0.0,0.0,1,1,3543,4
88637,4,2.0,8,682.0,30,0.0,0.0,1,1,1783,4
88729,4,2.5,12,674.0,30,0.0,0.0,1,1,3246,4
88731,4,2.0,10,674.0,31,0.0,0.0,1,1,3374,4
88808,4,2.0,8,661.0,31,0.0,0.0,1,1,3757,4
88828,4,3.0,10,660.0,30,0.0,0.0,1,1,5448,4
88940,4,2.0,8,649.0,30,0.0,0.0,1,1,3106,4
88954,4,2.5,7,648.0,30,0.0,0.0,1,1,4030,4
88993,4,2.0,8,643.0,30,0.0,0.0,1,1,3408,4
89081,4,2.0,8,631.0,31,0.0,0.0,1,1,3408,4
89127,4,2.5,7,627.0,30,0.0,0.0,1,1,4030,4
89131,4,2.0,8,626.0,30,0.0,0.0,1,1,1783,4
89163,4,3.0,10,624.0,30,0.0,0.0,1,1,4734,4
89191,4,2.5,10,618.0,31,0.0,0.0,1,1,1440,4
89207,4,2.0,7,617.0,30,0.0,0.0,1,1,3789,4
89233,4,3.0,10,613.0,30,0.0,0.0,1,1,2990,4
89250,4,2.5,8,610.0,30,0.0,0.0,1,1,4430,4
89294,4,3.0,10,604.0,31,0.0,0.0,1,1,5137,4
89380,4,2.5,8,600.0,31,0.0,0.0,1,1,3562,4
89391,4,2.5,7,600.0,31,0.0,0.0,1,1,4030,4
89447,4,2.5,9,598.0,30,0.0,0.0,1,1,1689,4
89563,4,2.0,7,590.0,30,0.0,0.0,1,1,3789,4
89822,4,2.0,10,556.0,31,0.0,0.0,1,1,2597,4
89857,4,2.0,10,552.0,31,0.0,0.0,1,1,3072,4
89885,4,2.0,9,550.0,30,0.0,0.0,1,1,2697,4
89924,4,2.0,7,549.0,30,0.0,0.0,1,1,3440,4
89973,4,2.0,10,542.0,31,0.0,0.0,1,1,3374,4
90015,4,2.0,8,537.0,30,0.0,0.0,1,1,2053,4
90028,4,2.0,9,535.0,30,0.0,0.0,1,1,1819,4
90048,4,3.0,10,532.0,31,0.0,0.0,1,1,5237,4
90139,4,2.0,8,522.0,31,0.0,0.0,1,1,2053,4
90165,4,2.0,9,518.0,30,0.0,0.0,1,1,4110,4
90173,4,2.0,8,517.0,31,0.0,0.0,1,1,1783,4
90260,4,3.0,10,508.0,31,0.0,0.0,1,1,5237,4
90388,4,3.0,10,500.0,31,0.0,0.0,1,1,5229,4
90389,4,3.0,10,500.0,30,0.0,0.0,1,1,5229,4
90420,4,3.0,12,499.0,31,0.0,0.0,1,1,4303,4
90503,4,2.0,12,492.0,31,0.0,0.0,1,1,3629,4
90508,4,3.0,10,492.0,30,0.0,0.0,1,1,5237,4
90513,4,2.5,9,491.0,31,0.0,0.0,1,1,3013,4
90552,4,3.0,10,489.0,30,0.0,0.0,1,1,5120,4
90597,4,2.0,8,481.0,30,0.0,0.0,1,1,3048,4
90603,4,2.0,7,480.0,31,0.0,0.0,1,1,2897,4
90604,4,2.0,7,480.0,31,0.0,0.0,1,1,2897,4
90655,4,2.5,8,475.0,31,0.0,0.0,1,1,3562,4
90751,4,3.0,10,460.0,31,0.0,0.0,1,1,5385,4
90950,4,3.0,10,441.0,31,0.0,0.0,1,1,5137,4
90977,4,2.5,8,438.0,30,0.0,0.0,1,1,4430,4
90984,4,2.0,10,436.0,31,0.0,0.0,1,1,3072,4
91004,4,2.0,10,434.0,31,0.0,0.0,1,1,3022,4
91036,4,3.0,10,429.0,31,0.0,0.0,1,1,2990,4
91104,4,2.5,10,422.0,30,0.0,0.0,1,1,3884,4
91142,4,2.0,10,417.0,30,0.0,0.0,1,1,2597,4
91283,4,3.0,10,400.0,31,0.0,0.0,1,1,3801,4
91350,4,2.0,9,398.0,30,0.0,0.0,1,1,1819,4
91392,4,2.0,10,396.0,30,0.0,0.0,1,1,3072,4
91508,4,2.0,8,383.0,31,0.0,0.0,1,1,3048,4
91536,4,2.0,10,378.0,31,0.0,0.0,1,1,3072,4
91538,4,3.0,11,378.0,30,0.0,0.0,1,1,4198,4
91580,4,2.5,10,373.0,30,0.0,0.0,1,1,5082,4
91683,4,2.0,8,354.0,29,0.0,0.0,1,1,1783,4
91719,4,3.0,10,350.0,30,0.0,0.0,1,1,1678,4
91814,4,3.0,10,344.0,30,0.0,0.0,1,1,3681,4
91878,4,2.0,9,331.0,31,0.0,0.0,1,1,4110,4
91912,4,3.0,10,326.0,31,0.0,0.0,1,1,4734,4
91934,4,2.5,12,324.0,30,0.0,0.0,1,1,3246,4
92033,4,2.0,10,307.0,31,0.0,0.0,1,1,3022,4
92054,4,2.5,12,301.0,31,0.0,0.0,1,1,3543,4
92127,4,2.0,9,299.0,30,0.0,0.0,1,1,1819,4
92137,4,2.0,8,299.0,31,0.0,0.0,1,1,3106,4
92230,4,2.0,7,288.0,30,0.0,0.0,1,1,3440,4
92233,4,3.0,10,288.0,30,0.0,0.0,1,1,5137,4
92487,4,2.5,12,245.0,31,0.0,0.0,1,1,3246,4
92520,4,2.0,9,240.0,31,0.0,0.0,1,1,2697,4
92666,4,3.0,11,217.0,30,0.0,0.0,1,1,4198,4
92688,4,2.0,10,214.0,30,0.0,0.0,1,1,3071,4
92911,4,2.5,12,179.0,30,0.0,0.0,1,1,3246,4
93056,4,2.0,10,139.0,31,0.0,0.0,1,1,2597,4
93072,4,3.0,10,133.0,30,0.0,0.0,1,1,5237,4
93134,4,2.0,8,89.0,30,0.0,0.0,1,1,4152,4
98295,4,2.5,10,0.0,29,0.0,0.0,1,1,1440,4
98296,4,2.5,10,0.0,31,0.0,0.0,1,1,1440,4
98299,4,2.5,10,0.0,31,0.0,0.0,1,1,1440,4
98300,4,2.5,10,0.0,31,0.0,0.0,1,1,1440,4
98301,4,2.5,10,0.0,30,0.0,0.0,1,1,1440,4
98302,4,2.5,10,0.0,31,0.0,0.0,1,1,1440,4
98304,4,2.5,10,0.0,31,0.0,0.0,1,1,1440,4
98305,4,2.5,10,0.0,30,0.0,0.0,1,1,1440,4
98306,4,2.5,10,0.0,31,0.0,0.0,1,1,1440,4
98307,4,2.5,10,0.0,30,0.0,0.0,1,1,1440,4
98308,4,2.5,10,0.0,31,0.0,0.0,1,1,1440,4
98309,4,2.5,10,0.0,31,0.0,0.0,1,1,1440,4
98310,4,2.5,10,0.0,30,0.0,0.0,1,1,1440,4
98311,4,2.5,10,0.0,31,0.0,0.0,1,1,1440,4
99080,4,2.5,12,0.0,31,0.0,0.0,1,1,1650,4
99081,4,2.5,12,0.0,31,0.0,0.0,1,1,1650,4
99205,4,3.0,10,0.0,31,0.0,0.0,1,1,1678,4
99239,4,2.5,9,0.0,31,0.0,0.0,1,1,1689,4
99240,4,2.5,9,0.0,30,0.0,0.0,1,1,1689,4
99241,4,2.5,9,0.0,31,0.0,0.0,1,1,1689,4
99243,4,2.5,9,0.0,28,0.0,0.0,1,1,1689,4
99244,4,2.5,9,0.0,31,0.0,0.0,1,1,1689,4
99245,4,2.5,9,0.0,31,0.0,0.0,1,1,1689,4
99246,4,2.5,9,0.0,31,0.0,0.0,1,1,1689,4
99247,4,2.5,9,0.0,28,0.0,0.0,1,1,1689,4
99248,4,2.5,9,0.0,31,0.0,0.0,1,1,1689,4
99249,4,2.5,9,0.0,30,0.0,0.0,1,1,1689,4
99463,4,2.0,10,0.0,31,0.0,0.0,1,1,1721,4
99464,4,2.0,10,0.0,30,0.0,0.0,1,1,1721,4
99465,4,2.0,10,0.0,31,0.0,0.0,1,1,1721,4
99468,4,2.0,10,0.0,31,0.0,0.0,1,1,1721,4
99469,4,2.0,10,0.0,30,0.0,0.0,1,1,1721,4
99470,4,2.0,10,0.0,31,0.0,0.0,1,1,1721,4
99472,4,2.0,10,0.0,31,0.0,0.0,1,1,1721,4
99473,4,2.0,10,0.0,30,0.0,0.0,1,1,1721,4
99474,4,2.0,10,0.0,30,0.0,0.0,1,1,1721,4
99717,4,3.0,8,0.0,29,0.0,0.0,1,1,1750,4
99938,4,2.0,8,0.0,31,0.0,0.0,1,1,1783,4
99939,4,2.0,8,0.0,30,0.0,0.0,1,1,1783,4
100012,4,3.0,8,0.0,31,0.0,0.0,1,1,1791,4
100013,4,3.0,8,0.0,31,0.0,0.0,1,1,1791,4
100017,4,3.0,8,0.0,31,0.0,0.0,1,1,1791,4
100072,4,2.5,11,0.0,31,0.0,0.0,1,1,1800,4
100073,4,2.5,11,0.0,29,0.0,0.0,1,1,1800,4
100102,4,2.0,9,0.0,30,0.0,0.0,1,1,1819,4
100314,4,3.0,8,0.0,29,0.0,0.0,1,1,1862,4
100327,4,2.0,8,0.0,29,0.0,0.0,1,1,1864,4
100328,4,2.0,8,0.0,31,0.0,0.0,1,1,1864,4
100480,4,2.0,9,0.0,31,0.0,0.0,1,1,1900,4
100481,4,2.0,9,0.0,30,0.0,0.0,1,1,1900,4
100482,4,2.0,9,0.0,31,0.0,0.0,1,1,1900,4
100483,4,2.0,9,0.0,30,0.0,0.0,1,1,1900,4
100616,4,3.0,10,0.0,31,0.0,0.0,1,1,1922,4
100617,4,3.0,10,0.0,30,0.0,0.0,1,1,1922,4
100618,4,3.0,10,0.0,31,0.0,0.0,1,1,1922,4
100619,4,3.0,10,0.0,30,0.0,0.0,1,1,1922,4
100620,4,3.0,10,0.0,31,0.0,0.0,1,1,1922,4
100648,4,3.0,9,0.0,30,0.0,0.0,1,1,1927,4
100652,4,3.0,9,0.0,31,0.0,0.0,1,1,1927,4
100653,4,3.0,9,0.0,30,0.0,0.0,1,1,1927,4
100654,4,3.0,9,0.0,31,0.0,0.0,1,1,1927,4
100655,4,3.0,9,0.0,31,0.0,0.0,1,1,1927,4
100656,4,3.0,9,0.0,30,0.0,0.0,1,1,1927,4
100900,4,2.0,8,0.0,31,0.0,0.0,1,1,1994,4
100901,4,2.0,8,0.0,30,0.0,0.0,1,1,1994,4
100902,4,2.0,8,0.0,31,0.0,0.0,1,1,1994,4
100905,4,2.0,8,0.0,30,0.0,0.0,1,1,1994,4
100906,4,2.0,8,0.0,31,0.0,0.0,1,1,1994,4
100907,4,2.0,8,0.0,30,0.0,0.0,1,1,1994,4
100908,4,2.0,8,0.0,31,0.0,0.0,1,1,1994,4
100910,4,2.0,8,0.0,31,0.0,0.0,1,1,1994,4
100911,4,2.0,8,0.0,30,0.0,0.0,1,1,1994,4
100912,4,2.0,8,0.0,30,0.0,0.0,1,1,1994,4
101076,4,2.0,8,0.0,31,0.0,0.0,1,1,2025,4
101077,4,2.0,8,0.0,29,0.0,0.0,1,1,2025,4
101078,4,2.0,8,0.0,31,0.0,0.0,1,1,2025,4
101137,4,2.5,12,0.0,31,0.0,0.0,1,1,2035,4
101139,4,2.5,12,0.0,31,0.0,0.0,1,1,2035,4
101140,4,2.5,12,0.0,30,0.0,0.0,1,1,2035,4
101141,4,2.5,12,0.0,31,0.0,0.0,1,1,2035,4
101142,4,2.5,12,0.0,30,0.0,0.0,1,1,2035,4
101143,4,2.5,12,0.0,31,0.0,0.0,1,1,2035,4
101309,4,2.0,8,0.0,31,0.0,0.0,1,1,2053,4
101416,4,3.0,10,0.0,28,0.0,0.0,1,1,2083,4
101417,4,3.0,10,0.0,30,0.0,0.0,1,1,2083,4
101418,4,3.0,10,0.0,30,0.0,0.0,1,1,2083,4
102750,4,3.0,10,0.0,31,0.0,0.0,1,1,2351,4
102751,4,3.0,10,0.0,31,0.0,0.0,1,1,2351,4
102890,4,2.0,7,0.0,31,0.0,0.0,1,1,2383,4
102891,4,2.0,7,0.0,30,0.0,0.0,1,1,2383,4
102892,4,2.0,7,0.0,31,0.0,0.0,1,1,2383,4
102893,4,2.0,7,0.0,30,0.0,0.0,1,1,2383,4
102896,4,2.0,7,0.0,31,0.0,0.0,1,1,2383,4
102898,4,2.0,7,0.0,31,0.0,0.0,1,1,2383,4
102899,4,2.0,7,0.0,30,0.0,0.0,1,1,2383,4
102900,4,2.0,7,0.0,31,0.0,0.0,1,1,2383,4
102901,4,2.0,7,0.0,30,0.0,0.0,1,1,2383,4
102902,4,2.0,7,0.0,31,0.0,0.0,1,1,2383,4
102903,4,2.0,7,0.0,31,0.0,0.0,1,1,2383,4
103340,4,2.5,10,0.0,30,0.0,0.0,1,1,2470,4
103341,4,2.5,10,0.0,31,0.0,0.0,1,1,2470,4
103343,4,2.5,10,0.0,31,0.0,0.0,1,1,2470,4
103344,4,2.5,10,0.0,28,0.0,0.0,1,1,2470,4
103591,4,2.5,12,0.0,30,0.0,0.0,1,1,2537,4
103592,4,2.5,12,0.0,31,0.0,0.0,1,1,2537,4
103909,4,2.0,10,0.0,28,0.0,0.0,1,1,2597,4
103910,4,2.0,10,0.0,31,0.0,0.0,1,1,2597,4
103911,4,2.0,10,0.0,30,0.0,0.0,1,1,2597,4
103912,4,2.0,10,0.0,31,0.0,0.0,1,1,2597,4
103913,4,2.0,10,0.0,30,0.0,0.0,1,1,2597,4
103914,4,2.0,10,0.0,31,0.0,0.0,1,1,2597,4
103915,4,2.0,10,0.0,31,0.0,0.0,1,1,2597,4
103916,4,2.0,10,0.0,30,0.0,0.0,1,1,2597,4
103948,4,3.0,10,0.0,28,0.0,0.0,1,1,2606,4
104204,4,2.0,7,0.0,31,0.0,0.0,1,1,2658,4
104205,4,2.0,7,0.0,30,0.0,0.0,1,1,2658,4
104242,4,3.0,10,0.0,31,0.0,0.0,1,1,2665,4
104243,4,3.0,10,0.0,30,0.0,0.0,1,1,2665,4
104244,4,3.0,10,0.0,31,0.0,0.0,1,1,2665,4
104247,4,3.0,10,0.0,30,0.0,0.0,1,1,2665,4
104248,4,3.0,10,0.0,31,0.0,0.0,1,1,2665,4
104249,4,3.0,10,0.0,31,0.0,0.0,1,1,2665,4
104250,4,3.0,10,0.0,30,0.0,0.0,1,1,2665,4
104251,4,3.0,10,0.0,31,0.0,0.0,1,1,2665,4
104252,4,3.0,10,0.0,28,0.0,0.0,1,1,2665,4
104253,4,3.0,10,0.0,31,0.0,0.0,1,1,2665,4
104254,4,3.0,10,0.0,30,0.0,0.0,1,1,2665,4
104255,4,3.0,10,0.0,30,0.0,0.0,1,1,2665,4
104470,4,2.5,8,0.0,31,0.0,0.0,1,1,2692,4
104471,4,2.5,8,0.0,31,0.0,0.0,1,1,2692,4
104502,4,2.0,9,0.0,30,0.0,0.0,1,1,2697,4
104556,4,2.0,11,0.0,31,0.0,0.0,1,1,2706,4
104557,4,2.0,11,0.0,30,0.0,0.0,1,1,2706,4
104558,4,2.0,11,0.0,31,0.0,0.0,1,1,2706,4
104563,4,2.0,11,0.0,31,0.0,0.0,1,1,2706,4
104564,4,2.0,11,0.0,31,0.0,0.0,1,1,2706,4
104565,4,2.0,11,0.0,30,0.0,0.0,1,1,2706,4
104566,4,2.0,11,0.0,31,0.0,0.0,1,1,2706,4
104568,4,2.0,11,0.0,31,0.0,0.0,1,1,2706,4
104569,4,2.0,11,0.0,30,0.0,0.0,1,1,2706,4
104570,4,2.0,11,0.0,30,0.0,0.0,1,1,2706,4
104571,4,2.0,10,0.0,31,0.0,0.0,1,1,2707,4
104572,4,2.0,10,0.0,30,0.0,0.0,1,1,2707,4
104573,4,2.0,10,0.0,31,0.0,0.0,1,1,2707,4
104577,4,2.0,10,0.0,30,0.0,0.0,1,1,2707,4
104578,4,2.0,10,0.0,30,0.0,0.0,1,1,2707,4
104579,4,2.0,10,0.0,31,0.0,0.0,1,1,2707,4
104580,4,2.0,10,0.0,28,0.0,0.0,1,1,2707,4
104581,4,2.0,10,0.0,31,0.0,0.0,1,1,2707,4
104582,4,2.0,10,0.0,30,0.0,0.0,1,1,2707,4
104583,4,2.0,10,0.0,30,0.0,0.0,1,1,2707,4
104630,4,2.0,7,0.0,31,0.0,0.0,1,1,2727,4
104631,4,2.0,7,0.0,30,0.0,0.0,1,1,2727,4
104632,4,2.0,7,0.0,31,0.0,0.0,1,1,2727,4
104633,4,2.0,7,0.0,31,0.0,0.0,1,1,2727,4
104634,4,2.0,7,0.0,30,0.0,0.0,1,1,2727,4
104635,4,2.0,7,0.0,31,0.0,0.0,1,1,2727,4
104637,4,2.0,7,0.0,31,0.0,0.0,1,1,2727,4
105380,4,2.5,12,0.0,31,0.0,0.0,1,1,2825,4
105381,4,2.5,12,0.0,30,0.0,0.0,1,1,2825,4
105382,4,2.5,12,0.0,31,0.0,0.0,1,1,2825,4
105386,4,2.5,12,0.0,28,0.0,0.0,1,1,2825,4
105388,4,2.5,12,0.0,31,0.0,0.0,1,1,2825,4
105389,4,2.5,12,0.0,30,0.0,0.0,1,1,2825,4
105390,4,2.5,12,0.0,31,0.0,0.0,1,1,2825,4
105391,4,2.5,12,0.0,28,0.0,0.0,1,1,2825,4
105573,4,2.5,12,0.0,31,0.0,0.0,1,1,2840,4
105574,4,2.5,12,0.0,30,0.0,0.0,1,1,2840,4
105575,4,2.5,12,0.0,31,0.0,0.0,1,1,2840,4
105577,4,2.5,12,0.0,28,0.0,0.0,1,1,2840,4
105578,4,2.5,12,0.0,31,0.0,0.0,1,1,2840,4
105579,4,2.5,12,0.0,30,0.0,0.0,1,1,2840,4
105580,4,2.5,12,0.0,31,0.0,0.0,1,1,2840,4
105581,4,2.5,12,0.0,31,0.0,0.0,1,1,2840,4
105582,4,2.5,12,0.0,30,0.0,0.0,1,1,2840,4
105583,4,2.5,12,0.0,31,0.0,0.0,1,1,2840,4
105584,4,2.5,12,0.0,28,0.0,0.0,1,1,2840,4
105895,4,3.0,12,0.0,31,0.0,0.0,1,1,2866,4
105896,4,3.0,12,0.0,30,0.0,0.0,1,1,2866,4
105903,4,3.0,12,0.0,31,0.0,0.0,1,1,2866,4
105904,4,3.0,12,0.0,30,0.0,0.0,1,1,2866,4
105905,4,3.0,12,0.0,31,0.0,0.0,1,1,2866,4
106274,4,2.0,7,0.0,31,0.0,0.0,1,1,2897,4
106275,4,2.0,7,0.0,30,0.0,0.0,1,1,2897,4
106276,4,2.0,7,0.0,31,0.0,0.0,1,1,2897,4
106277,4,2.0,7,0.0,30,0.0,0.0,1,1,2897,4
106278,4,2.0,7,0.0,31,0.0,0.0,1,1,2897,4
106279,4,2.0,7,0.0,31,0.0,0.0,1,1,2897,4
106280,4,2.0,7,0.0,30,0.0,0.0,1,1,2897,4
106336,4,2.0,9,0.0,31,0.0,0.0,1,1,2910,4
106337,4,2.0,9,0.0,30,0.0,0.0,1,1,2910,4
106338,4,2.0,9,0.0,31,0.0,0.0,1,1,2910,4
106340,4,2.0,9,0.0,31,0.0,0.0,1,1,2910,4
106341,4,2.0,9,0.0,30,0.0,0.0,1,1,2910,4
106342,4,2.0,9,0.0,31,0.0,0.0,1,1,2910,4
106343,4,2.0,9,0.0,28,0.0,0.0,1,1,2910,4
106344,4,2.0,9,0.0,31,0.0,0.0,1,1,2910,4
106345,4,2.0,9,0.0,30,0.0,0.0,1,1,2910,4
106346,4,2.0,9,0.0,30,0.0,0.0,1,1,2910,4
106620,4,2.0,10,0.0,30,0.0,0.0,1,1,2979,4
106621,4,2.0,10,0.0,31,0.0,0.0,1,1,2979,4
106623,4,2.0,10,0.0,31,0.0,0.0,1,1,2979,4
106625,4,2.0,10,0.0,28,0.0,0.0,1,1,2979,4
106626,4,2.0,10,0.0,31,0.0,0.0,1,1,2979,4
106627,4,2.0,10,0.0,30,0.0,0.0,1,1,2979,4
106628,4,2.0,10,0.0,31,0.0,0.0,1,1,2979,4
106629,4,2.0,10,0.0,30,0.0,0.0,1,1,2979,4
106630,4,2.0,10,0.0,31,0.0,0.0,1,1,2979,4
106631,4,2.0,10,0.0,31,0.0,0.0,1,1,2979,4
106632,4,2.0,10,0.0,30,0.0,0.0,1,1,2979,4
106635,4,3.0,10,0.0,31,0.0,0.0,1,1,2981,4
106636,4,3.0,10,0.0,30,0.0,0.0,1,1,2981,4
106637,4,3.0,10,0.0,31,0.0,0.0,1,1,2981,4
106638,4,3.0,10,0.0,31,0.0,0.0,1,1,2981,4
106639,4,3.0,10,0.0,30,0.0,0.0,1,1,2981,4
106640,4,3.0,10,0.0,31,0.0,0.0,1,1,2981,4
106641,4,3.0,10,0.0,30,0.0,0.0,1,1,2981,4
106642,4,3.0,10,0.0,31,0.0,0.0,1,1,2981,4
106643,4,3.0,10,0.0,31,0.0,0.0,1,1,2981,4
106644,4,3.0,10,0.0,30,0.0,0.0,1,1,2981,4
106678,4,2.0,9,0.0,31,0.0,0.0,1,1,2989,4
106679,4,2.0,9,0.0,30,0.0,0.0,1,1,2989,4
106680,4,2.0,9,0.0,31,0.0,0.0,1,1,2989,4
106681,4,2.0,9,0.0,28,0.0,0.0,1,1,2989,4
106682,4,2.0,9,0.0,31,0.0,0.0,1,1,2989,4
106683,4,2.0,9,0.0,30,0.0,0.0,1,1,2989,4
106684,4,2.0,9,0.0,31,0.0,0.0,1,1,2989,4
106685,4,2.0,9,0.0,30,0.0,0.0,1,1,2989,4
106686,4,2.0,9,0.0,31,0.0,0.0,1,1,2989,4
106687,4,2.0,9,0.0,31,0.0,0.0,1,1,2989,4
106688,4,2.0,9,0.0,30,0.0,0.0,1,1,2989,4
106691,4,3.0,10,0.0,31,0.0,0.0,1,1,2990,4
106707,4,3.0,10,0.0,31,0.0,0.0,1,1,2995,4
106708,4,3.0,10,0.0,30,0.0,0.0,1,1,2995,4
106709,4,3.0,10,0.0,31,0.0,0.0,1,1,2995,4
106710,4,3.0,10,0.0,28,0.0,0.0,1,1,2995,4
106711,4,3.0,10,0.0,31,0.0,0.0,1,1,2995,4
106712,4,3.0,10,0.0,30,0.0,0.0,1,1,2995,4
106713,4,3.0,10,0.0,31,0.0,0.0,1,1,2995,4
106714,4,3.0,10,0.0,30,0.0,0.0,1,1,2995,4
106715,4,3.0,10,0.0,31,0.0,0.0,1,1,2995,4
106716,4,3.0,10,0.0,31,0.0,0.0,1,1,2995,4
106717,4,3.0,10,0.0,30,0.0,0.0,1,1,2995,4
106757,4,2.5,10,0.0,30,0.0,0.0,1,1,3008,4
106758,4,2.5,10,0.0,31,0.0,0.0,1,1,3008,4
106759,4,2.5,10,0.0,30,0.0,0.0,1,1,3008,4
106761,4,2.0,11,0.0,31,0.0,0.0,1,1,3009,4
106763,4,2.0,11,0.0,28,0.0,0.0,1,1,3009,4
106764,4,2.0,11,0.0,31,0.0,0.0,1,1,3009,4
106765,4,2.0,11,0.0,30,0.0,0.0,1,1,3009,4
106766,4,2.0,11,0.0,31,0.0,0.0,1,1,3009,4
106767,4,2.0,11,0.0,30,0.0,0.0,1,1,3009,4
106768,4,2.0,11,0.0,31,0.0,0.0,1,1,3009,4
106769,4,2.0,11,0.0,31,0.0,0.0,1,1,3009,4
106770,4,2.0,11,0.0,30,0.0,0.0,1,1,3009,4
106772,4,2.0,8,0.0,31,0.0,0.0,1,1,3010,4
106773,4,2.0,8,0.0,30,0.0,0.0,1,1,3010,4
106774,4,2.0,8,0.0,31,0.0,0.0,1,1,3010,4
106775,4,2.0,8,0.0,28,0.0,0.0,1,1,3010,4
106776,4,2.0,8,0.0,31,0.0,0.0,1,1,3010,4
106777,4,2.0,8,0.0,30,0.0,0.0,1,1,3010,4
106778,4,2.0,8,0.0,31,0.0,0.0,1,1,3010,4
106779,4,2.0,8,0.0,30,0.0,0.0,1,1,3010,4
106780,4,2.0,8,0.0,31,0.0,0.0,1,1,3010,4
106781,4,2.0,8,0.0,31,0.0,0.0,1,1,3010,4
106782,4,2.0,8,0.0,30,0.0,0.0,1,1,3010,4
106807,4,2.5,9,0.0,31,0.0,0.0,1,1,3013,4
106808,4,2.5,9,0.0,30,0.0,0.0,1,1,3013,4
106809,4,2.5,9,0.0,31,0.0,0.0,1,1,3013,4
106810,4,2.5,9,0.0,30,0.0,0.0,1,1,3013,4
106811,4,2.5,9,0.0,31,0.0,0.0,1,1,3013,4
106812,4,2.5,9,0.0,28,0.0,0.0,1,1,3013,4
106813,4,2.5,9,0.0,31,0.0,0.0,1,1,3013,4
106814,4,2.5,9,0.0,30,0.0,0.0,1,1,3013,4
106815,4,2.5,9,0.0,31,0.0,0.0,1,1,3013,4
106816,4,2.5,9,0.0,30,0.0,0.0,1,1,3013,4
106817,4,2.5,9,0.0,31,0.0,0.0,1,1,3013,4
106820,4,2.0,7,0.0,31,0.0,0.0,1,1,3014,4
106821,4,2.0,7,0.0,30,0.0,0.0,1,1,3014,4
106822,4,2.0,7,0.0,31,0.0,0.0,1,1,3014,4
106823,4,2.0,7,0.0,31,0.0,0.0,1,1,3014,4
106824,4,2.0,7,0.0,30,0.0,0.0,1,1,3014,4
106825,4,2.0,7,0.0,30,0.0,0.0,1,1,3014,4
106826,4,2.0,7,0.0,31,0.0,0.0,1,1,3014,4
106827,4,2.0,7,0.0,31,0.0,0.0,1,1,3014,4
106828,4,2.0,7,0.0,30,0.0,0.0,1,1,3014,4
106829,4,2.0,7,0.0,31,0.0,0.0,1,1,3014,4
106831,4,2.0,7,0.0,31,0.0,0.0,1,1,3014,4
106832,4,2.0,7,0.0,30,0.0,0.0,1,1,3014,4
106883,4,2.0,10,0.0,30,0.0,0.0,1,1,3022,4
107009,4,2.0,9,0.0,30,0.0,0.0,1,1,3046,4
107010,4,2.0,9,0.0,31,0.0,0.0,1,1,3046,4
107011,4,2.0,9,0.0,30,0.0,0.0,1,1,3046,4
107012,4,2.0,9,0.0,31,0.0,0.0,1,1,3046,4
107013,4,2.0,9,0.0,31,0.0,0.0,1,1,3046,4
107014,4,2.0,9,0.0,29,0.0,0.0,1,1,3046,4
107017,4,2.0,8,0.0,30,0.0,0.0,1,1,3048,4
107018,4,2.0,8,0.0,31,0.0,0.0,1,1,3048,4
107083,4,3.0,12,0.0,31,0.0,0.0,1,1,3056,4
107084,4,3.0,12,0.0,30,0.0,0.0,1,1,3056,4
107085,4,3.0,12,0.0,31,0.0,0.0,1,1,3056,4
107086,4,3.0,12,0.0,31,0.0,0.0,1,1,3056,4
107087,4,3.0,12,0.0,31,0.0,0.0,1,1,3056,4
107088,4,3.0,12,0.0,30,0.0,0.0,1,1,3056,4
107089,4,3.0,12,0.0,31,0.0,0.0,1,1,3056,4
107091,4,3.0,12,0.0,31,0.0,0.0,1,1,3056,4
107204,4,2.0,10,0.0,31,0.0,0.0,1,1,3071,4
107205,4,2.0,10,0.0,30,0.0,0.0,1,1,3071,4
107206,4,2.0,10,0.0,31,0.0,0.0,1,1,3071,4
107207,4,2.0,10,0.0,30,0.0,0.0,1,1,3071,4
107208,4,2.0,10,0.0,31,0.0,0.0,1,1,3071,4
107209,4,2.0,10,0.0,31,0.0,0.0,1,1,3071,4
107210,4,2.0,10,0.0,30,0.0,0.0,1,1,3071,4
107211,4,2.0,10,0.0,31,0.0,0.0,1,1,3071,4
107212,4,2.0,10,0.0,28,0.0,0.0,1,1,3071,4
107213,4,2.0,10,0.0,31,0.0,0.0,1,1,3071,4
107214,4,2.0,10,0.0,30,0.0,0.0,1,1,3071,4
107216,4,2.0,10,0.0,30,0.0,0.0,1,1,3072,4
107282,4,3.0,8,0.0,30,0.0,0.0,1,1,3096,4
107283,4,3.0,8,0.0,31,0.0,0.0,1,1,3096,4
107284,4,3.0,8,0.0,31,0.0,0.0,1,1,3096,4
107285,4,3.0,8,0.0,28,0.0,0.0,1,1,3096,4
107286,4,3.0,8,0.0,31,0.0,0.0,1,1,3096,4
107287,4,3.0,8,0.0,30,0.0,0.0,1,1,3096,4
107288,4,3.0,8,0.0,31,0.0,0.0,1,1,3096,4
107289,4,3.0,8,0.0,30,0.0,0.0,1,1,3096,4
107290,4,3.0,8,0.0,31,0.0,0.0,1,1,3096,4
107291,4,3.0,8,0.0,31,0.0,0.0,1,1,3096,4
107336,4,2.0,10,0.0,31,0.0,0.0,1,1,3103,4
107337,4,2.0,10,0.0,31,0.0,0.0,1,1,3103,4
107349,4,2.0,8,0.0,30,0.0,0.0,1,1,3106,4
107350,4,2.0,8,0.0,31,0.0,0.0,1,1,3106,4
107585,4,2.0,9,0.0,31,0.0,0.0,1,1,3201,4
107586,4,2.0,9,0.0,30,0.0,0.0,1,1,3201,4
107587,4,2.0,9,0.0,31,0.0,0.0,1,1,3201,4
107588,4,2.0,9,0.0,30,0.0,0.0,1,1,3201,4
107589,4,2.0,9,0.0,31,0.0,0.0,1,1,3201,4
107590,4,2.0,9,0.0,31,0.0,0.0,1,1,3201,4
107591,4,2.0,9,0.0,30,0.0,0.0,1,1,3201,4
107723,4,2.5,12,0.0,31,0.0,0.0,1,1,3246,4
107724,4,2.5,12,0.0,31,0.0,0.0,1,1,3246,4
107725,4,2.5,12,0.0,31,0.0,0.0,1,1,3246,4
107726,4,2.5,12,0.0,30,0.0,0.0,1,1,3246,4
108074,4,3.0,10,0.0,27,0.0,0.0,1,1,3355,4
108075,4,3.0,10,0.0,31,0.0,0.0,1,1,3355,4
108076,4,3.0,10,0.0,30,0.0,0.0,1,1,3355,4
108077,4,3.0,10,0.0,31,0.0,0.0,1,1,3355,4
108078,4,3.0,10,0.0,30,0.0,0.0,1,1,3355,4
108079,4,3.0,10,0.0,31,0.0,0.0,1,1,3355,4
108080,4,3.0,10,0.0,30,0.0,0.0,1,1,3355,4
108081,4,3.0,10,0.0,31,0.0,0.0,1,1,3355,4
108082,4,3.0,10,0.0,31,0.0,0.0,1,1,3355,4
108083,4,3.0,10,0.0,30,0.0,0.0,1,1,3355,4
108084,4,3.0,10,0.0,31,0.0,0.0,1,1,3355,4
108177,4,3.0,8,0.0,31,0.0,0.0,1,1,3396,4
108178,4,3.0,8,0.0,30,0.0,0.0,1,1,3396,4
108180,4,3.0,8,0.0,31,0.0,0.0,1,1,3396,4
108181,4,3.0,8,0.0,30,0.0,0.0,1,1,3396,4
108246,4,2.0,8,0.0,29,0.0,0.0,1,1,3408,4
108247,4,2.0,8,0.0,30,0.0,0.0,1,1,3408,4
108248,4,2.0,8,0.0,30,0.0,0.0,1,1,3408,4
108342,4,2.0,7,0.0,31,0.0,0.0,1,1,3440,4
108343,4,2.0,7,0.0,30,0.0,0.0,1,1,3440,4
108344,4,2.0,7,0.0,31,0.0,0.0,1,1,3440,4
108345,4,2.0,7,0.0,30,0.0,0.0,1,1,3440,4
108346,4,2.0,7,0.0,30,0.0,0.0,1,1,3440,4
108579,4,3.0,10,0.0,31,0.0,0.0,1,1,3529,4
108580,4,3.0,10,0.0,31,0.0,0.0,1,1,3529,4
108581,4,3.0,10,0.0,30,0.0,0.0,1,1,3529,4
108582,4,3.0,10,0.0,31,0.0,0.0,1,1,3529,4
108583,4,3.0,10,0.0,30,0.0,0.0,1,1,3529,4
108584,4,3.0,10,0.0,31,0.0,0.0,1,1,3529,4
108585,4,3.0,10,0.0,31,0.0,0.0,1,1,3529,4
108686,4,2.5,8,0.0,30,0.0,0.0,1,1,3562,4
108687,4,2.5,8,0.0,30,0.0,0.0,1,1,3562,4
108688,4,2.5,8,0.0,31,0.0,0.0,1,1,3562,4
108689,4,2.5,8,0.0,31,0.0,0.0,1,1,3562,4
108714,4,3.0,12,0.0,31,0.0,0.0,1,1,3568,4
108776,4,3.0,11,0.0,31,0.0,0.0,1,1,3593,4
108777,4,3.0,11,0.0,30,0.0,0.0,1,1,3593,4
108778,4,3.0,11,0.0,31,0.0,0.0,1,1,3593,4
108779,4,3.0,11,0.0,31,0.0,0.0,1,1,3593,4
108780,4,3.0,11,0.0,30,0.0,0.0,1,1,3593,4
108781,4,3.0,11,0.0,31,0.0,0.0,1,1,3593,4
108782,4,3.0,11,0.0,30,0.0,0.0,1,1,3593,4
108783,4,3.0,11,0.0,31,0.0,0.0,1,1,3593,4
108784,4,3.0,11,0.0,31,0.0,0.0,1,1,3593,4
108785,4,3.0,11,0.0,30,0.0,0.0,1,1,3593,4
108786,4,3.0,11,0.0,31,0.0,0.0,1,1,3593,4
108787,4,3.0,11,0.0,30,0.0,0.0,1,1,3593,4
108788,4,3.0,11,0.0,31,0.0,0.0,1,1,3593,4
108789,4,3.0,11,0.0,31,0.0,0.0,1,1,3593,4
108790,4,3.0,11,0.0,30,0.0,0.0,1,1,3593,4
108791,4,3.0,11,0.0,31,0.0,0.0,1,1,3593,4
108792,4,3.0,11,0.0,30,0.0,0.0,1,1,3593,4
108793,4,3.0,11,0.0,31,0.0,0.0,1,1,3593,4
108794,4,3.0,11,0.0,31,0.0,0.0,1,1,3593,4
108795,4,3.0,11,0.0,30,0.0,0.0,1,1,3593,4
108825,4,3.0,12,0.0,30,0.0,0.0,1,1,3601,4
108925,4,2.0,12,0.0,31,0.0,0.0,1,1,3629,4
109054,4,3.0,12,0.0,31,0.0,0.0,1,1,3691,4
109055,4,3.0,12,0.0,30,0.0,0.0,1,1,3691,4
109056,4,3.0,12,0.0,31,0.0,0.0,1,1,3691,4
109057,4,3.0,12,0.0,31,0.0,0.0,1,1,3691,4
109058,4,3.0,12,0.0,31,0.0,0.0,1,1,3691,4
109059,4,3.0,12,0.0,31,0.0,0.0,1,1,3691,4
109061,4,3.0,12,0.0,31,0.0,0.0,1,1,3691,4
109295,4,2.0,8,0.0,31,0.0,0.0,1,1,3757,4
109296,4,2.0,8,0.0,30,0.0,0.0,1,1,3757,4
109297,4,2.0,8,0.0,31,0.0,0.0,1,1,3757,4
109298,4,2.0,8,0.0,31,0.0,0.0,1,1,3757,4
109299,4,2.0,8,0.0,30,0.0,0.0,1,1,3757,4
109300,4,2.0,8,0.0,31,0.0,0.0,1,1,3757,4
109301,4,2.0,8,0.0,28,0.0,0.0,1,1,3757,4
109302,4,2.0,8,0.0,31,0.0,0.0,1,1,3757,4
109303,4,2.0,8,0.0,30,0.0,0.0,1,1,3757,4
109304,4,2.0,8,0.0,31,0.0,0.0,1,1,3757,4
109305,4,2.0,8,0.0,30,0.0,0.0,1,1,3757,4
109464,4,2.0,7,0.0,30,0.0,0.0,1,1,3789,4
109467,4,3.0,8,0.0,30,0.0,0.0,1,1,3790,4
109468,4,3.0,8,0.0,28,0.0,0.0,1,1,3790,4
109469,4,3.0,8,0.0,30,0.0,0.0,1,1,3790,4
109506,4,3.0,10,0.0,31,0.0,0.0,1,1,3801,4
109507,4,3.0,10,0.0,30,0.0,0.0,1,1,3801,4
109508,4,3.0,10,0.0,31,0.0,0.0,1,1,3801,4
109509,4,3.0,10,0.0,31,0.0,0.0,1,1,3801,4
109510,4,3.0,10,0.0,30,0.0,0.0,1,1,3801,4
109511,4,3.0,10,0.0,31,0.0,0.0,1,1,3801,4
109512,4,3.0,10,0.0,31,0.0,0.0,1,1,3801,4
109513,4,3.0,10,0.0,30,0.0,0.0,1,1,3801,4
109524,4,3.0,12,0.0,30,0.0,0.0,1,1,3806,4
110141,4,3.0,11,0.0,30,0.0,0.0,1,1,3954,4
110179,4,2.5,12,0.0,31,0.0,0.0,1,1,3963,4
110180,4,2.5,12,0.0,30,0.0,0.0,1,1,3963,4
110181,4,2.5,12,0.0,31,0.0,0.0,1,1,3963,4
110182,4,2.5,12,0.0,30,0.0,0.0,1,1,3963,4
110183,4,2.5,12,0.0,31,0.0,0.0,1,1,3963,4
110184,4,2.5,12,0.0,30,0.0,0.0,1,1,3963,4
110204,4,3.0,11,0.0,30,0.0,0.0,1,1,3966,4
110206,4,3.0,11,0.0,31,0.0,0.0,1,1,3966,4
110207,4,3.0,11,0.0,30,0.0,0.0,1,1,3966,4
110208,4,3.0,11,0.0,31,0.0,0.0,1,1,3966,4
110209,4,3.0,11,0.0,30,0.0,0.0,1,1,3966,4
110210,4,3.0,11,0.0,31,0.0,0.0,1,1,3966,4
110441,4,2.5,7,0.0,30,0.0,0.0,1,1,4030,4
110643,4,3.0,12,0.0,31,0.0,0.0,1,1,4105,4
110645,4,3.0,12,0.0,30,0.0,0.0,1,1,4105,4
110646,4,3.0,12,0.0,31,0.0,0.0,1,1,4105,4
110662,4,2.0,9,0.0,30,0.0,0.0,1,1,4110,4
110869,4,3.0,9,0.0,31,0.0,0.0,1,1,4183,4
110870,4,3.0,9,0.0,30,0.0,0.0,1,1,4183,4
110871,4,3.0,9,0.0,31,0.0,0.0,1,1,4183,4
110872,4,3.0,9,0.0,31,0.0,0.0,1,1,4183,4
110873,4,3.0,9,0.0,30,0.0,0.0,1,1,4183,4
110937,4,3.0,11,0.0,31,0.0,0.0,1,1,4198,4
111014,4,2.0,9,0.0,31,0.0,0.0,1,1,4222,4
111015,4,2.0,9,0.0,30,0.0,0.0,1,1,4222,4
111016,4,2.0,9,0.0,31,0.0,0.0,1,1,4222,4
111018,4,2.0,9,0.0,31,0.0,0.0,1,1,4222,4
111019,4,2.0,9,0.0,30,0.0,0.0,1,1,4222,4
111020,4,2.0,9,0.0,31,0.0,0.0,1,1,4222,4
111021,4,2.0,9,0.0,28,0.0,0.0,1,1,4222,4
111022,4,2.0,9,0.0,31,0.0,0.0,1,1,4222,4
111023,4,2.0,9,0.0,30,0.0,0.0,1,1,4222,4
111024,4,2.0,9,0.0,31,0.0,0.0,1,1,4222,4
111025,4,2.0,9,0.0,30,0.0,0.0,1,1,4222,4
111247,4,3.0,12,0.0,31,0.0,0.0,1,1,4303,4
111248,4,3.0,12,0.0,30,0.0,0.0,1,1,4303,4
111250,4,2.0,9,0.0,31,0.0,0.0,1,1,4307,4
111251,4,2.0,9,0.0,30,0.0,0.0,1,1,4307,4
111252,4,2.0,9,0.0,31,0.0,0.0,1,1,4307,4
111253,4,2.0,9,0.0,31,0.0,0.0,1,1,4307,4
111254,4,2.0,9,0.0,30,0.0,0.0,1,1,4307,4
111255,4,2.0,9,0.0,31,0.0,0.0,1,1,4307,4
111256,4,2.0,9,0.0,30,0.0,0.0,1,1,4307,4
111590,4,2.0,8,0.0,30,0.0,0.0,1,1,4421,4
111591,4,2.0,8,0.0,31,0.0,0.0,1,1,4421,4
111592,4,2.0,8,0.0,30,0.0,0.0,1,1,4421,4
111593,4,2.0,8,0.0,31,0.0,0.0,1,1,4421,4
111594,4,2.0,8,0.0,31,0.0,0.0,1,1,4421,4
111595,4,2.0,8,0.0,30,0.0,0.0,1,1,4421,4
111596,4,2.0,8,0.0,31,0.0,0.0,1,1,4421,4
111597,4,2.0,8,0.0,30,0.0,0.0,1,1,4421,4
111598,4,2.0,8,0.0,31,0.0,0.0,1,1,4421,4
111599,4,2.0,8,0.0,31,0.0,0.0,1,1,4421,4
111600,4,2.0,8,0.0,30,0.0,0.0,1,1,4421,4
111620,4,3.0,8,0.0,31,0.0,0.0,1,1,4426,4
111622,4,3.0,8,0.0,30,0.0,0.0,1,1,4426,4
111623,4,3.0,8,0.0,31,0.0,0.0,1,1,4426,4
111624,4,3.0,8,0.0,30,0.0,0.0,1,1,4426,4
111625,4,3.0,8,0.0,31,0.0,0.0,1,1,4426,4
111626,4,3.0,8,0.0,31,0.0,0.0,1,1,4426,4
111627,4,3.0,8,0.0,30,0.0,0.0,1,1,4426,4
111653,4,2.5,8,0.0,31,0.0,0.0,1,1,4430,4
111654,4,2.5,8,0.0,31,0.0,0.0,1,1,4430,4
111655,4,2.5,8,0.0,30,0.0,0.0,1,1,4430,4
111656,4,2.5,8,0.0,31,0.0,0.0,1,1,4430,4
112127,4,3.0,10,0.0,31,0.0,0.0,1,1,4604,4
112128,4,3.0,10,0.0,30,0.0,0.0,1,1,4604,4
112129,4,3.0,10,0.0,31,0.0,0.0,1,1,4604,4
112130,4,3.0,10,0.0,31,0.0,0.0,1,1,4604,4
112131,4,3.0,10,0.0,30,0.0,0.0,1,1,4604,4
112132,4,3.0,10,0.0,31,0.0,0.0,1,1,4604,4
112133,4,3.0,10,0.0,30,0.0,0.0,1,1,4604,4
112134,4,3.0,10,0.0,31,0.0,0.0,1,1,4604,4
112135,4,3.0,10,0.0,31,0.0,0.0,1,1,4604,4
112136,4,3.0,10,0.0,30,0.0,0.0,1,1,4604,4
112216,4,2.0,8,0.0,30,0.0,0.0,1,1,4639,4
112217,4,2.0,8,0.0,31,0.0,0.0,1,1,4639,4
112279,4,2.0,12,0.0,30,0.0,0.0,1,1,4656,4
112444,4,2.5,12,0.0,31,0.0,0.0,1,1,4738,4
112445,4,2.5,12,0.0,30,0.0,0.0,1,1,4738,4
112703,4,2.5,8,0.0,31,0.0,0.0,1,1,4855,4
112704,4,2.5,8,0.0,30,0.0,0.0,1,1,4855,4
112705,4,2.5,8,0.0,31,0.0,0.0,1,1,4855,4
112706,4,2.5,8,0.0,30,0.0,0.0,1,1,4855,4
112707,4,2.5,8,0.0,31,0.0,0.0,1,1,4855,4
112708,4,2.5,8,0.0,30,0.0,0.0,1,1,4855,4
112709,4,2.5,8,0.0,31,0.0,0.0,1,1,4855,4
112710,4,2.5,8,0.0,31,0.0,0.0,1,1,4855,4
112711,4,2.5,8,0.0,30,0.0,0.0,1,1,4855,4
113050,4,2.5,10,0.0,28,0.0,0.0,1,1,5082,4
113051,4,2.5,10,0.0,31,0.0,0.0,1,1,5082,4
113052,4,2.5,10,0.0,31,0.0,0.0,1,1,5082,4
113053,4,2.5,10,0.0,31,0.0,0.0,1,1,5082,4
113054,4,2.5,10,0.0,30,0.0,0.0,1,1,5082,4
113055,4,2.5,10,0.0,31,0.0,0.0,1,1,5082,4
113056,4,2.5,10,0.0,31,0.0,0.0,1,1,5082,4
113057,4,2.5,10,0.0,30,0.0,0.0,1,1,5082,4
113160,4,3.0,10,0.0,29,0.0,0.0,1,1,5120,4
113161,4,3.0,10,0.0,31,0.0,0.0,1,1,5120,4
113162,4,3.0,10,0.0,31,0.0,0.0,1,1,5120,4
113163,4,3.0,10,0.0,30,0.0,0.0,1,1,5120,4
113164,4,3.0,10,0.0,31,0.0,0.0,1,1,5120,4
113165,4,3.0,10,0.0,31,0.0,0.0,1,1,5120,4
113166,4,3.0,10,0.0,31,0.0,0.0,1,1,5120,4
113167,4,3.0,10,0.0,30,0.0,0.0,1,1,5120,4
113379,4,2.5,11,0.0,31,0.0,0.0,1,1,5204,4
113381,4,2.5,11,0.0,30,0.0,0.0,1,1,5204,4
113382,4,2.5,11,0.0,30,0.0,0.0,1,1,5204,4
113416,4,3.0,10,0.0,31,0.0,0.0,1,1,5229,4
113437,4,3.0,10,0.0,30,0.0,0.0,1,1,5237,4
113484,4,3.0,11,0.0,30,0.0,0.0,1,1,5297,4
113486,4,3.0,11,0.0,30,0.0,0.0,1,1,5297,4
113488,4,3.0,11,0.0,30,0.0,0.0,1,1,5297,4
113491,4,3.0,11,0.0,30,0.0,0.0,1,1,5297,4
113521,4,3.0,10,0.0,31,0.0,0.0,1,1,5312,4
113522,4,3.0,10,0.0,30,0.0,0.0,1,1,5312,4
113523,4,3.0,10,0.0,31,0.0,0.0,1,1,5312,4
113526,4,3.0,10,0.0,30,0.0,0.0,1,1,5312,4
113527,4,3.0,10,0.0,31,0.0,0.0,1,1,5312,4
113528,4,3.0,10,0.0,31,0.0,0.0,1,1,5312,4
113529,4,3.0,10,0.0,30,0.0,0.0,1,1,5312,4
